round,parent_rank,virus_accession,source_host,protein_id,candidate_id,mutations,aa_sequence,pred_label,target_host,target_score,seed_cosine_similarity,seed_novelty_distance,selection_score,n_mutations,rank_in_round
1,0,MN434096,Klebsiella,QFR57578.1,round1_cand35,S18L;G122V;V346D,MGFYAGRIGDKKVLSLTLGNNKDVNNHTNPGWDTIFHSDMPHVVVLETHERDLWDGGDWYRCTRMPDRIIQVLSADYDRVVLTEVEFEDGTRRFIYGTSLGVGAKAYNAYFSNTVGSQASAVTMASMKTNVCASADLHMDVSFYFEETPGTINEKLRDGTGCMYTWGVNSEWGDRGPGPPVGAPIRPNFETIIKAGWVLYRGAFSGNIAGSVSPPNRPLTIGADAMRHPWMRTTGVNSICLRGETLNRNIYGHMGPRYGKGSNPVGGPYAHNIQTESYQEVQYKAGFFRGPPNNFMGWENTDNNNAGSGWGNNAIYRDNNFRVPKRVRWYITNMKYNGQGFYAENDFGSRNQEIKISPREFIVNGINLMNTGWKFINQNDINYSPGNRPDIRVIATNVARFNGDATIGNNGYTQFNQPLTRPDNSAEFGQGNVSAMHVTTVGVYNFRSDAQWYVKSNPPEIGNQWGPVWSEATRPLRLVGGTGSADIGGNLRTSGNASHHLATLWLGVNNSRNGACVVTLDWKNDEWIAAAGIGCYNPLEDLTQWSEVDSRLRIFGNNFQKRVHQIMCLPVNMCVPFHFIRGTVVQCGVIPGHNAMQMKAMWAPATTNSATQGDYAITYWLVARADGSVEVWVNVEMSNIMNMRVILPEVRIAVQRLA,Enterobacter,Pseudomonas,0.14718311573566797,0.99994504,5.4955482e-05,0.14718311573566797,3,1
1,0,MN434096,Klebsiella,QFR57578.1,round1_cand27,N367P,MGFYAGRIGDKKVLSLTSGNNKDVNNHTNPGWDTIFHSDMPHVVVLETHERDLWDGGDWYRCTRMPDRIIQVLSADYDRVVLTEVEFEDGTRRFIYGTSLGVGAKAYNAYFSNTVGSQASAGTMASMKTNVCASADLHMDVSFYFEETPGTINEKLRDGTGCMYTWGVNSEWGDRGPGPPVGAPIRPNFETIIKAGWVLYRGAFSGNIAGSVSPPNRPLTIGADAMRHPWMRTTGVNSICLRGETLNRNIYGHMGPRYGKGSNPVGGPYAHNIQTESYQEVQYKAGFFRGPPNNFMGWENTDNNNAGSGWGNNAIYRDNNFRVPKRVRWYITNMKYNGQGFYAENVFGSRNQEIKISPREFIVNGIPLMNTGWKFINQNDINYSPGNRPDIRVIATNVARFNGDATIGNNGYTQFNQPLTRPDNSAEFGQGNVSAMHVTTVGVYNFRSDAQWYVKSNPPEIGNQWGPVWSEATRPLRLVGGTGSADIGGNLRTSGNASHHLATLWLGVNNSRNGACVVTLDWKNDEWIAAAGIGCYNPLEDLTQWSEVDSRLRIFGNNFQKRVHQIMCLPVNMCVPFHFIRGTVVQCGVIPGHNAMQMKAMWAPATTNSATQGDYAITYWLVARADGSVEVWVNVEMSNIMNMRVILPEVRIAVQRLA,Enterobacter,Pseudomonas,0.13959823603096524,0.9999852,1.4781952e-05,0.13959823603096524,1,2
1,0,MN434096,Klebsiella,QFR57578.1,round1_cand2,S99R;W465S;D614G,MGFYAGRIGDKKVLSLTSGNNKDVNNHTNPGWDTIFHSDMPHVVVLETHERDLWDGGDWYRCTRMPDRIIQVLSADYDRVVLTEVEFEDGTRRFIYGTRLGVGAKAYNAYFSNTVGSQASAGTMASMKTNVCASADLHMDVSFYFEETPGTINEKLRDGTGCMYTWGVNSEWGDRGPGPPVGAPIRPNFETIIKAGWVLYRGAFSGNIAGSVSPPNRPLTIGADAMRHPWMRTTGVNSICLRGETLNRNIYGHMGPRYGKGSNPVGGPYAHNIQTESYQEVQYKAGFFRGPPNNFMGWENTDNNNAGSGWGNNAIYRDNNFRVPKRVRWYITNMKYNGQGFYAENVFGSRNQEIKISPREFIVNGINLMNTGWKFINQNDINYSPGNRPDIRVIATNVARFNGDATIGNNGYTQFNQPLTRPDNSAEFGQGNVSAMHVTTVGVYNFRSDAQWYVKSNPPEIGNQSGPVWSEATRPLRLVGGTGSADIGGNLRTSGNASHHLATLWLGVNNSRNGACVVTLDWKNDEWIAAAGIGCYNPLEDLTQWSEVDSRLRIFGNNFQKRVHQIMCLPVNMCVPFHFIRGTVVQCGVIPGHNAMQMKAMWAPATTNSATQGGYAITYWLVARADGSVEVWVNVEMSNIMNMRVILPEVRIAVQRLA,Enterobacter,Pseudomonas,0.13916240014948356,0.99995494,4.506111e-05,0.13916240014948356,3,3
1,0,MN434096,Klebsiella,QFR57578.1,round1_cand24,S117A;N305V;G507T,MGFYAGRIGDKKVLSLTSGNNKDVNNHTNPGWDTIFHSDMPHVVVLETHERDLWDGGDWYRCTRMPDRIIQVLSADYDRVVLTEVEFEDGTRRFIYGTSLGVGAKAYNAYFSNTVGAQASAGTMASMKTNVCASADLHMDVSFYFEETPGTINEKLRDGTGCMYTWGVNSEWGDRGPGPPVGAPIRPNFETIIKAGWVLYRGAFSGNIAGSVSPPNRPLTIGADAMRHPWMRTTGVNSICLRGETLNRNIYGHMGPRYGKGSNPVGGPYAHNIQTESYQEVQYKAGFFRGPPNNFMGWENTDNNVAGSGWGNNAIYRDNNFRVPKRVRWYITNMKYNGQGFYAENVFGSRNQEIKISPREFIVNGINLMNTGWKFINQNDINYSPGNRPDIRVIATNVARFNGDATIGNNGYTQFNQPLTRPDNSAEFGQGNVSAMHVTTVGVYNFRSDAQWYVKSNPPEIGNQWGPVWSEATRPLRLVGGTGSADIGGNLRTSGNASHHLATLWLTVNNSRNGACVVTLDWKNDEWIAAAGIGCYNPLEDLTQWSEVDSRLRIFGNNFQKRVHQIMCLPVNMCVPFHFIRGTVVQCGVIPGHNAMQMKAMWAPATTNSATQGDYAITYWLVARADGSVEVWVNVEMSNIMNMRVILPEVRIAVQRLA,Enterobacter,Pseudomonas,0.13678563573769623,0.99996674,3.325939e-05,0.13678563573769623,3,4
1,0,MN434096,Klebsiella,QFR57578.1,round1_cand49,T28G;T63R;S99R,MGFYAGRIGDKKVLSLTSGNNKDVNNHGNPGWDTIFHSDMPHVVVLETHERDLWDGGDWYRCRRMPDRIIQVLSADYDRVVLTEVEFEDGTRRFIYGTRLGVGAKAYNAYFSNTVGSQASAGTMASMKTNVCASADLHMDVSFYFEETPGTINEKLRDGTGCMYTWGVNSEWGDRGPGPPVGAPIRPNFETIIKAGWVLYRGAFSGNIAGSVSPPNRPLTIGADAMRHPWMRTTGVNSICLRGETLNRNIYGHMGPRYGKGSNPVGGPYAHNIQTESYQEVQYKAGFFRGPPNNFMGWENTDNNNAGSGWGNNAIYRDNNFRVPKRVRWYITNMKYNGQGFYAENVFGSRNQEIKISPREFIVNGINLMNTGWKFINQNDINYSPGNRPDIRVIATNVARFNGDATIGNNGYTQFNQPLTRPDNSAEFGQGNVSAMHVTTVGVYNFRSDAQWYVKSNPPEIGNQWGPVWSEATRPLRLVGGTGSADIGGNLRTSGNASHHLATLWLGVNNSRNGACVVTLDWKNDEWIAAAGIGCYNPLEDLTQWSEVDSRLRIFGNNFQKRVHQIMCLPVNMCVPFHFIRGTVVQCGVIPGHNAMQMKAMWAPATTNSATQGDYAITYWLVARADGSVEVWVNVEMSNIMNMRVILPEVRIAVQRLA,Enterobacter,Pseudomonas,0.13643020041826515,0.9999578,4.220009e-05,0.13643020041826515,3,5
1,0,MN434096,Klebsiella,QFR57578.1,round1_cand45,H228T;C240E;S308A,MGFYAGRIGDKKVLSLTSGNNKDVNNHTNPGWDTIFHSDMPHVVVLETHERDLWDGGDWYRCTRMPDRIIQVLSADYDRVVLTEVEFEDGTRRFIYGTSLGVGAKAYNAYFSNTVGSQASAGTMASMKTNVCASADLHMDVSFYFEETPGTINEKLRDGTGCMYTWGVNSEWGDRGPGPPVGAPIRPNFETIIKAGWVLYRGAFSGNIAGSVSPPNRPLTIGADAMRTPWMRTTGVNSIELRGETLNRNIYGHMGPRYGKGSNPVGGPYAHNIQTESYQEVQYKAGFFRGPPNNFMGWENTDNNNAGAGWGNNAIYRDNNFRVPKRVRWYITNMKYNGQGFYAENVFGSRNQEIKISPREFIVNGINLMNTGWKFINQNDINYSPGNRPDIRVIATNVARFNGDATIGNNGYTQFNQPLTRPDNSAEFGQGNVSAMHVTTVGVYNFRSDAQWYVKSNPPEIGNQWGPVWSEATRPLRLVGGTGSADIGGNLRTSGNASHHLATLWLGVNNSRNGACVVTLDWKNDEWIAAAGIGCYNPLEDLTQWSEVDSRLRIFGNNFQKRVHQIMCLPVNMCVPFHFIRGTVVQCGVIPGHNAMQMKAMWAPATTNSATQGDYAITYWLVARADGSVEVWVNVEMSNIMNMRVILPEVRIAVQRLA,Enterobacter,Pseudomonas,0.13620484234159602,0.99981564,0.00018435717,0.13620484234159602,3,6
1,0,MN434096,Klebsiella,QFR57578.1,round1_cand5,D404G;N445Q;K561S,MGFYAGRIGDKKVLSLTSGNNKDVNNHTNPGWDTIFHSDMPHVVVLETHERDLWDGGDWYRCTRMPDRIIQVLSADYDRVVLTEVEFEDGTRRFIYGTSLGVGAKAYNAYFSNTVGSQASAGTMASMKTNVCASADLHMDVSFYFEETPGTINEKLRDGTGCMYTWGVNSEWGDRGPGPPVGAPIRPNFETIIKAGWVLYRGAFSGNIAGSVSPPNRPLTIGADAMRHPWMRTTGVNSICLRGETLNRNIYGHMGPRYGKGSNPVGGPYAHNIQTESYQEVQYKAGFFRGPPNNFMGWENTDNNNAGSGWGNNAIYRDNNFRVPKRVRWYITNMKYNGQGFYAENVFGSRNQEIKISPREFIVNGINLMNTGWKFINQNDINYSPGNRPDIRVIATNVARFNGGATIGNNGYTQFNQPLTRPDNSAEFGQGNVSAMHVTTVGVYQFRSDAQWYVKSNPPEIGNQWGPVWSEATRPLRLVGGTGSADIGGNLRTSGNASHHLATLWLGVNNSRNGACVVTLDWKNDEWIAAAGIGCYNPLEDLTQWSEVDSRLRIFGNNFQSRVHQIMCLPVNMCVPFHFIRGTVVQCGVIPGHNAMQMKAMWAPATTNSATQGDYAITYWLVARADGSVEVWVNVEMSNIMNMRVILPEVRIAVQRLA,Enterobacter,Pseudomonas,0.1358409744838112,0.99996406,3.59416e-05,0.1358409744838112,3,7
1,0,MN434096,Klebsiella,QFR57578.1,round1_cand6,Y60R,MGFYAGRIGDKKVLSLTSGNNKDVNNHTNPGWDTIFHSDMPHVVVLETHERDLWDGGDWRRCTRMPDRIIQVLSADYDRVVLTEVEFEDGTRRFIYGTSLGVGAKAYNAYFSNTVGSQASAGTMASMKTNVCASADLHMDVSFYFEETPGTINEKLRDGTGCMYTWGVNSEWGDRGPGPPVGAPIRPNFETIIKAGWVLYRGAFSGNIAGSVSPPNRPLTIGADAMRHPWMRTTGVNSICLRGETLNRNIYGHMGPRYGKGSNPVGGPYAHNIQTESYQEVQYKAGFFRGPPNNFMGWENTDNNNAGSGWGNNAIYRDNNFRVPKRVRWYITNMKYNGQGFYAENVFGSRNQEIKISPREFIVNGINLMNTGWKFINQNDINYSPGNRPDIRVIATNVARFNGDATIGNNGYTQFNQPLTRPDNSAEFGQGNVSAMHVTTVGVYNFRSDAQWYVKSNPPEIGNQWGPVWSEATRPLRLVGGTGSADIGGNLRTSGNASHHLATLWLGVNNSRNGACVVTLDWKNDEWIAAAGIGCYNPLEDLTQWSEVDSRLRIFGNNFQKRVHQIMCLPVNMCVPFHFIRGTVVQCGVIPGHNAMQMKAMWAPATTNSATQGDYAITYWLVARADGSVEVWVNVEMSNIMNMRVILPEVRIAVQRLA,Enterobacter,Pseudomonas,0.13559510935415123,0.99998826,1.1742115e-05,0.13559510935415123,1,8
1,0,MN434096,Klebsiella,QFR57578.1,round1_cand48,S470V,MGFYAGRIGDKKVLSLTSGNNKDVNNHTNPGWDTIFHSDMPHVVVLETHERDLWDGGDWYRCTRMPDRIIQVLSADYDRVVLTEVEFEDGTRRFIYGTSLGVGAKAYNAYFSNTVGSQASAGTMASMKTNVCASADLHMDVSFYFEETPGTINEKLRDGTGCMYTWGVNSEWGDRGPGPPVGAPIRPNFETIIKAGWVLYRGAFSGNIAGSVSPPNRPLTIGADAMRHPWMRTTGVNSICLRGETLNRNIYGHMGPRYGKGSNPVGGPYAHNIQTESYQEVQYKAGFFRGPPNNFMGWENTDNNNAGSGWGNNAIYRDNNFRVPKRVRWYITNMKYNGQGFYAENVFGSRNQEIKISPREFIVNGINLMNTGWKFINQNDINYSPGNRPDIRVIATNVARFNGDATIGNNGYTQFNQPLTRPDNSAEFGQGNVSAMHVTTVGVYNFRSDAQWYVKSNPPEIGNQWGPVWVEATRPLRLVGGTGSADIGGNLRTSGNASHHLATLWLGVNNSRNGACVVTLDWKNDEWIAAAGIGCYNPLEDLTQWSEVDSRLRIFGNNFQKRVHQIMCLPVNMCVPFHFIRGTVVQCGVIPGHNAMQMKAMWAPATTNSATQGDYAITYWLVARADGSVEVWVNVEMSNIMNMRVILPEVRIAVQRLA,Enterobacter,Pseudomonas,0.13463506518974838,0.9999426,5.7399273e-05,0.13463506518974838,1,9
1,0,MN434096,Klebsiella,QFR57578.1,round1_cand8,S99R;D158I,MGFYAGRIGDKKVLSLTSGNNKDVNNHTNPGWDTIFHSDMPHVVVLETHERDLWDGGDWYRCTRMPDRIIQVLSADYDRVVLTEVEFEDGTRRFIYGTRLGVGAKAYNAYFSNTVGSQASAGTMASMKTNVCASADLHMDVSFYFEETPGTINEKLRIGTGCMYTWGVNSEWGDRGPGPPVGAPIRPNFETIIKAGWVLYRGAFSGNIAGSVSPPNRPLTIGADAMRHPWMRTTGVNSICLRGETLNRNIYGHMGPRYGKGSNPVGGPYAHNIQTESYQEVQYKAGFFRGPPNNFMGWENTDNNNAGSGWGNNAIYRDNNFRVPKRVRWYITNMKYNGQGFYAENVFGSRNQEIKISPREFIVNGINLMNTGWKFINQNDINYSPGNRPDIRVIATNVARFNGDATIGNNGYTQFNQPLTRPDNSAEFGQGNVSAMHVTTVGVYNFRSDAQWYVKSNPPEIGNQWGPVWSEATRPLRLVGGTGSADIGGNLRTSGNASHHLATLWLGVNNSRNGACVVTLDWKNDEWIAAAGIGCYNPLEDLTQWSEVDSRLRIFGNNFQKRVHQIMCLPVNMCVPFHFIRGTVVQCGVIPGHNAMQMKAMWAPATTNSATQGDYAITYWLVARADGSVEVWVNVEMSNIMNMRVILPEVRIAVQRLA,Enterobacter,Pseudomonas,0.1339780362947865,0.99991184,8.815527e-05,0.1339780362947865,2,10
1,0,MN434096,Klebsiella,QFR57578.1,round1_cand52,H593A,MGFYAGRIGDKKVLSLTSGNNKDVNNHTNPGWDTIFHSDMPHVVVLETHERDLWDGGDWYRCTRMPDRIIQVLSADYDRVVLTEVEFEDGTRRFIYGTSLGVGAKAYNAYFSNTVGSQASAGTMASMKTNVCASADLHMDVSFYFEETPGTINEKLRDGTGCMYTWGVNSEWGDRGPGPPVGAPIRPNFETIIKAGWVLYRGAFSGNIAGSVSPPNRPLTIGADAMRHPWMRTTGVNSICLRGETLNRNIYGHMGPRYGKGSNPVGGPYAHNIQTESYQEVQYKAGFFRGPPNNFMGWENTDNNNAGSGWGNNAIYRDNNFRVPKRVRWYITNMKYNGQGFYAENVFGSRNQEIKISPREFIVNGINLMNTGWKFINQNDINYSPGNRPDIRVIATNVARFNGDATIGNNGYTQFNQPLTRPDNSAEFGQGNVSAMHVTTVGVYNFRSDAQWYVKSNPPEIGNQWGPVWSEATRPLRLVGGTGSADIGGNLRTSGNASHHLATLWLGVNNSRNGACVVTLDWKNDEWIAAAGIGCYNPLEDLTQWSEVDSRLRIFGNNFQKRVHQIMCLPVNMCVPFHFIRGTVVQCGVIPGANAMQMKAMWAPATTNSATQGDYAITYWLVARADGSVEVWVNVEMSNIMNMRVILPEVRIAVQRLA,Enterobacter,Pseudomonas,0.13357715857808758,0.99997324,2.6762486e-05,0.13357715857808758,1,11
1,0,MN434096,Klebsiella,QFR57578.1,round1_cand57,K128A;A225P;I580S,MGFYAGRIGDKKVLSLTSGNNKDVNNHTNPGWDTIFHSDMPHVVVLETHERDLWDGGDWYRCTRMPDRIIQVLSADYDRVVLTEVEFEDGTRRFIYGTSLGVGAKAYNAYFSNTVGSQASAGTMASMATNVCASADLHMDVSFYFEETPGTINEKLRDGTGCMYTWGVNSEWGDRGPGPPVGAPIRPNFETIIKAGWVLYRGAFSGNIAGSVSPPNRPLTIGADPMRHPWMRTTGVNSICLRGETLNRNIYGHMGPRYGKGSNPVGGPYAHNIQTESYQEVQYKAGFFRGPPNNFMGWENTDNNNAGSGWGNNAIYRDNNFRVPKRVRWYITNMKYNGQGFYAENVFGSRNQEIKISPREFIVNGINLMNTGWKFINQNDINYSPGNRPDIRVIATNVARFNGDATIGNNGYTQFNQPLTRPDNSAEFGQGNVSAMHVTTVGVYNFRSDAQWYVKSNPPEIGNQWGPVWSEATRPLRLVGGTGSADIGGNLRTSGNASHHLATLWLGVNNSRNGACVVTLDWKNDEWIAAAGIGCYNPLEDLTQWSEVDSRLRIFGNNFQKRVHQIMCLPVNMCVPFHFSRGTVVQCGVIPGHNAMQMKAMWAPATTNSATQGDYAITYWLVARADGSVEVWVNVEMSNIMNMRVILPEVRIAVQRLA,Enterobacter,Pseudomonas,0.1333125021553386,0.99996465,3.5345554e-05,0.1333125021553386,3,12
1,0,MN434096,Klebsiella,QFR57578.1,round1_cand54,E460V,MGFYAGRIGDKKVLSLTSGNNKDVNNHTNPGWDTIFHSDMPHVVVLETHERDLWDGGDWYRCTRMPDRIIQVLSADYDRVVLTEVEFEDGTRRFIYGTSLGVGAKAYNAYFSNTVGSQASAGTMASMKTNVCASADLHMDVSFYFEETPGTINEKLRDGTGCMYTWGVNSEWGDRGPGPPVGAPIRPNFETIIKAGWVLYRGAFSGNIAGSVSPPNRPLTIGADAMRHPWMRTTGVNSICLRGETLNRNIYGHMGPRYGKGSNPVGGPYAHNIQTESYQEVQYKAGFFRGPPNNFMGWENTDNNNAGSGWGNNAIYRDNNFRVPKRVRWYITNMKYNGQGFYAENVFGSRNQEIKISPREFIVNGINLMNTGWKFINQNDINYSPGNRPDIRVIATNVARFNGDATIGNNGYTQFNQPLTRPDNSAEFGQGNVSAMHVTTVGVYNFRSDAQWYVKSNPPVIGNQWGPVWSEATRPLRLVGGTGSADIGGNLRTSGNASHHLATLWLGVNNSRNGACVVTLDWKNDEWIAAAGIGCYNPLEDLTQWSEVDSRLRIFGNNFQKRVHQIMCLPVNMCVPFHFIRGTVVQCGVIPGHNAMQMKAMWAPATTNSATQGDYAITYWLVARADGSVEVWVNVEMSNIMNMRVILPEVRIAVQRLA,Enterobacter,Pseudomonas,0.13306909338550663,0.99998635,1.3649464e-05,0.13306909338550663,1,13
1,0,MN434096,Klebsiella,QFR57578.1,round1_cand34,N130L,MGFYAGRIGDKKVLSLTSGNNKDVNNHTNPGWDTIFHSDMPHVVVLETHERDLWDGGDWYRCTRMPDRIIQVLSADYDRVVLTEVEFEDGTRRFIYGTSLGVGAKAYNAYFSNTVGSQASAGTMASMKTLVCASADLHMDVSFYFEETPGTINEKLRDGTGCMYTWGVNSEWGDRGPGPPVGAPIRPNFETIIKAGWVLYRGAFSGNIAGSVSPPNRPLTIGADAMRHPWMRTTGVNSICLRGETLNRNIYGHMGPRYGKGSNPVGGPYAHNIQTESYQEVQYKAGFFRGPPNNFMGWENTDNNNAGSGWGNNAIYRDNNFRVPKRVRWYITNMKYNGQGFYAENVFGSRNQEIKISPREFIVNGINLMNTGWKFINQNDINYSPGNRPDIRVIATNVARFNGDATIGNNGYTQFNQPLTRPDNSAEFGQGNVSAMHVTTVGVYNFRSDAQWYVKSNPPEIGNQWGPVWSEATRPLRLVGGTGSADIGGNLRTSGNASHHLATLWLGVNNSRNGACVVTLDWKNDEWIAAAGIGCYNPLEDLTQWSEVDSRLRIFGNNFQKRVHQIMCLPVNMCVPFHFIRGTVVQCGVIPGHNAMQMKAMWAPATTNSATQGDYAITYWLVARADGSVEVWVNVEMSNIMNMRVILPEVRIAVQRLA,Enterobacter,Pseudomonas,0.1327886953996535,0.999986,1.40070915e-05,0.1327886953996535,1,14
1,0,MN434096,Klebsiella,QFR57578.1,round1_cand14,T63R;S170Y;I192V,MGFYAGRIGDKKVLSLTSGNNKDVNNHTNPGWDTIFHSDMPHVVVLETHERDLWDGGDWYRCRRMPDRIIQVLSADYDRVVLTEVEFEDGTRRFIYGTSLGVGAKAYNAYFSNTVGSQASAGTMASMKTNVCASADLHMDVSFYFEETPGTINEKLRDGTGCMYTWGVNYEWGDRGPGPPVGAPIRPNFETVIKAGWVLYRGAFSGNIAGSVSPPNRPLTIGADAMRHPWMRTTGVNSICLRGETLNRNIYGHMGPRYGKGSNPVGGPYAHNIQTESYQEVQYKAGFFRGPPNNFMGWENTDNNNAGSGWGNNAIYRDNNFRVPKRVRWYITNMKYNGQGFYAENVFGSRNQEIKISPREFIVNGINLMNTGWKFINQNDINYSPGNRPDIRVIATNVARFNGDATIGNNGYTQFNQPLTRPDNSAEFGQGNVSAMHVTTVGVYNFRSDAQWYVKSNPPEIGNQWGPVWSEATRPLRLVGGTGSADIGGNLRTSGNASHHLATLWLGVNNSRNGACVVTLDWKNDEWIAAAGIGCYNPLEDLTQWSEVDSRLRIFGNNFQKRVHQIMCLPVNMCVPFHFIRGTVVQCGVIPGHNAMQMKAMWAPATTNSATQGDYAITYWLVARADGSVEVWVNVEMSNIMNMRVILPEVRIAVQRLA,Enterobacter,Pseudomonas,0.132672439339545,0.9999831,1.692772e-05,0.132672439339545,3,15
1,0,MN434096,Klebsiella,QFR57578.1,round1_cand19,N130V;E171G;A450V,MGFYAGRIGDKKVLSLTSGNNKDVNNHTNPGWDTIFHSDMPHVVVLETHERDLWDGGDWYRCTRMPDRIIQVLSADYDRVVLTEVEFEDGTRRFIYGTSLGVGAKAYNAYFSNTVGSQASAGTMASMKTVVCASADLHMDVSFYFEETPGTINEKLRDGTGCMYTWGVNSGWGDRGPGPPVGAPIRPNFETIIKAGWVLYRGAFSGNIAGSVSPPNRPLTIGADAMRHPWMRTTGVNSICLRGETLNRNIYGHMGPRYGKGSNPVGGPYAHNIQTESYQEVQYKAGFFRGPPNNFMGWENTDNNNAGSGWGNNAIYRDNNFRVPKRVRWYITNMKYNGQGFYAENVFGSRNQEIKISPREFIVNGINLMNTGWKFINQNDINYSPGNRPDIRVIATNVARFNGDATIGNNGYTQFNQPLTRPDNSAEFGQGNVSAMHVTTVGVYNFRSDVQWYVKSNPPEIGNQWGPVWSEATRPLRLVGGTGSADIGGNLRTSGNASHHLATLWLGVNNSRNGACVVTLDWKNDEWIAAAGIGCYNPLEDLTQWSEVDSRLRIFGNNFQKRVHQIMCLPVNMCVPFHFIRGTVVQCGVIPGHNAMQMKAMWAPATTNSATQGDYAITYWLVARADGSVEVWVNVEMSNIMNMRVILPEVRIAVQRLA,Enterobacter,Pseudomonas,0.13259056691033025,0.99996346,3.6537647e-05,0.13259056691033025,3,16
1,0,MN434096,Klebsiella,QFR57578.1,round1_cand55,G159S;P256F,MGFYAGRIGDKKVLSLTSGNNKDVNNHTNPGWDTIFHSDMPHVVVLETHERDLWDGGDWYRCTRMPDRIIQVLSADYDRVVLTEVEFEDGTRRFIYGTSLGVGAKAYNAYFSNTVGSQASAGTMASMKTNVCASADLHMDVSFYFEETPGTINEKLRDSTGCMYTWGVNSEWGDRGPGPPVGAPIRPNFETIIKAGWVLYRGAFSGNIAGSVSPPNRPLTIGADAMRHPWMRTTGVNSICLRGETLNRNIYGHMGFRYGKGSNPVGGPYAHNIQTESYQEVQYKAGFFRGPPNNFMGWENTDNNNAGSGWGNNAIYRDNNFRVPKRVRWYITNMKYNGQGFYAENVFGSRNQEIKISPREFIVNGINLMNTGWKFINQNDINYSPGNRPDIRVIATNVARFNGDATIGNNGYTQFNQPLTRPDNSAEFGQGNVSAMHVTTVGVYNFRSDAQWYVKSNPPEIGNQWGPVWSEATRPLRLVGGTGSADIGGNLRTSGNASHHLATLWLGVNNSRNGACVVTLDWKNDEWIAAAGIGCYNPLEDLTQWSEVDSRLRIFGNNFQKRVHQIMCLPVNMCVPFHFIRGTVVQCGVIPGHNAMQMKAMWAPATTNSATQGDYAITYWLVARADGSVEVWVNVEMSNIMNMRVILPEVRIAVQRLA,Enterobacter,Pseudomonas,0.13159688238701367,0.999923,7.70092e-05,0.13159688238701367,2,17
1,0,MN434096,Klebsiella,QFR57578.1,round1_cand41,G267V;S609L,MGFYAGRIGDKKVLSLTSGNNKDVNNHTNPGWDTIFHSDMPHVVVLETHERDLWDGGDWYRCTRMPDRIIQVLSADYDRVVLTEVEFEDGTRRFIYGTSLGVGAKAYNAYFSNTVGSQASAGTMASMKTNVCASADLHMDVSFYFEETPGTINEKLRDGTGCMYTWGVNSEWGDRGPGPPVGAPIRPNFETIIKAGWVLYRGAFSGNIAGSVSPPNRPLTIGADAMRHPWMRTTGVNSICLRGETLNRNIYGHMGPRYGKGSNPVGVPYAHNIQTESYQEVQYKAGFFRGPPNNFMGWENTDNNNAGSGWGNNAIYRDNNFRVPKRVRWYITNMKYNGQGFYAENVFGSRNQEIKISPREFIVNGINLMNTGWKFINQNDINYSPGNRPDIRVIATNVARFNGDATIGNNGYTQFNQPLTRPDNSAEFGQGNVSAMHVTTVGVYNFRSDAQWYVKSNPPEIGNQWGPVWSEATRPLRLVGGTGSADIGGNLRTSGNASHHLATLWLGVNNSRNGACVVTLDWKNDEWIAAAGIGCYNPLEDLTQWSEVDSRLRIFGNNFQKRVHQIMCLPVNMCVPFHFIRGTVVQCGVIPGHNAMQMKAMWAPATTNLATQGDYAITYWLVARADGSVEVWVNVEMSNIMNMRVILPEVRIAVQRLA,Enterobacter,Pseudomonas,0.1306802215732821,0.9999826,1.7404556e-05,0.1306802215732821,2,18
1,0,MN434096,Klebsiella,QFR57578.1,round1_cand17,T63P;G97D;S638D,MGFYAGRIGDKKVLSLTSGNNKDVNNHTNPGWDTIFHSDMPHVVVLETHERDLWDGGDWYRCPRMPDRIIQVLSADYDRVVLTEVEFEDGTRRFIYDTSLGVGAKAYNAYFSNTVGSQASAGTMASMKTNVCASADLHMDVSFYFEETPGTINEKLRDGTGCMYTWGVNSEWGDRGPGPPVGAPIRPNFETIIKAGWVLYRGAFSGNIAGSVSPPNRPLTIGADAMRHPWMRTTGVNSICLRGETLNRNIYGHMGPRYGKGSNPVGGPYAHNIQTESYQEVQYKAGFFRGPPNNFMGWENTDNNNAGSGWGNNAIYRDNNFRVPKRVRWYITNMKYNGQGFYAENVFGSRNQEIKISPREFIVNGINLMNTGWKFINQNDINYSPGNRPDIRVIATNVARFNGDATIGNNGYTQFNQPLTRPDNSAEFGQGNVSAMHVTTVGVYNFRSDAQWYVKSNPPEIGNQWGPVWSEATRPLRLVGGTGSADIGGNLRTSGNASHHLATLWLGVNNSRNGACVVTLDWKNDEWIAAAGIGCYNPLEDLTQWSEVDSRLRIFGNNFQKRVHQIMCLPVNMCVPFHFIRGTVVQCGVIPGHNAMQMKAMWAPATTNSATQGDYAITYWLVARADGSVEVWVNVEMDNIMNMRVILPEVRIAVQRLA,Enterobacter,Pseudomonas,0.12953250685322407,0.9999324,6.759167e-05,0.12953250685322407,3,19
1,0,MN434096,Klebsiella,QFR57578.1,round1_cand39,V212P,MGFYAGRIGDKKVLSLTSGNNKDVNNHTNPGWDTIFHSDMPHVVVLETHERDLWDGGDWYRCTRMPDRIIQVLSADYDRVVLTEVEFEDGTRRFIYGTSLGVGAKAYNAYFSNTVGSQASAGTMASMKTNVCASADLHMDVSFYFEETPGTINEKLRDGTGCMYTWGVNSEWGDRGPGPPVGAPIRPNFETIIKAGWVLYRGAFSGNIAGSPSPPNRPLTIGADAMRHPWMRTTGVNSICLRGETLNRNIYGHMGPRYGKGSNPVGGPYAHNIQTESYQEVQYKAGFFRGPPNNFMGWENTDNNNAGSGWGNNAIYRDNNFRVPKRVRWYITNMKYNGQGFYAENVFGSRNQEIKISPREFIVNGINLMNTGWKFINQNDINYSPGNRPDIRVIATNVARFNGDATIGNNGYTQFNQPLTRPDNSAEFGQGNVSAMHVTTVGVYNFRSDAQWYVKSNPPEIGNQWGPVWSEATRPLRLVGGTGSADIGGNLRTSGNASHHLATLWLGVNNSRNGACVVTLDWKNDEWIAAAGIGCYNPLEDLTQWSEVDSRLRIFGNNFQKRVHQIMCLPVNMCVPFHFIRGTVVQCGVIPGHNAMQMKAMWAPATTNSATQGDYAITYWLVARADGSVEVWVNVEMSNIMNMRVILPEVRIAVQRLA,Enterobacter,Pseudomonas,0.12907109602478295,0.9999814,1.859665e-05,0.12907109602478295,1,20
1,0,MN434096,Klebsiella,QFR57578.1,round1_cand30,D549G,MGFYAGRIGDKKVLSLTSGNNKDVNNHTNPGWDTIFHSDMPHVVVLETHERDLWDGGDWYRCTRMPDRIIQVLSADYDRVVLTEVEFEDGTRRFIYGTSLGVGAKAYNAYFSNTVGSQASAGTMASMKTNVCASADLHMDVSFYFEETPGTINEKLRDGTGCMYTWGVNSEWGDRGPGPPVGAPIRPNFETIIKAGWVLYRGAFSGNIAGSVSPPNRPLTIGADAMRHPWMRTTGVNSICLRGETLNRNIYGHMGPRYGKGSNPVGGPYAHNIQTESYQEVQYKAGFFRGPPNNFMGWENTDNNNAGSGWGNNAIYRDNNFRVPKRVRWYITNMKYNGQGFYAENVFGSRNQEIKISPREFIVNGINLMNTGWKFINQNDINYSPGNRPDIRVIATNVARFNGDATIGNNGYTQFNQPLTRPDNSAEFGQGNVSAMHVTTVGVYNFRSDAQWYVKSNPPEIGNQWGPVWSEATRPLRLVGGTGSADIGGNLRTSGNASHHLATLWLGVNNSRNGACVVTLDWKNDEWIAAAGIGCYNPLEDLTQWSEVGSRLRIFGNNFQKRVHQIMCLPVNMCVPFHFIRGTVVQCGVIPGHNAMQMKAMWAPATTNSATQGDYAITYWLVARADGSVEVWVNVEMSNIMNMRVILPEVRIAVQRLA,Enterobacter,Pseudomonas,0.12818563416880632,0.99998736,1.2636185e-05,0.12818563416880632,1,21
1,0,MN434096,Klebsiella,QFR57578.1,round1_cand36,G266F;S511A;S546G,MGFYAGRIGDKKVLSLTSGNNKDVNNHTNPGWDTIFHSDMPHVVVLETHERDLWDGGDWYRCTRMPDRIIQVLSADYDRVVLTEVEFEDGTRRFIYGTSLGVGAKAYNAYFSNTVGSQASAGTMASMKTNVCASADLHMDVSFYFEETPGTINEKLRDGTGCMYTWGVNSEWGDRGPGPPVGAPIRPNFETIIKAGWVLYRGAFSGNIAGSVSPPNRPLTIGADAMRHPWMRTTGVNSICLRGETLNRNIYGHMGPRYGKGSNPVFGPYAHNIQTESYQEVQYKAGFFRGPPNNFMGWENTDNNNAGSGWGNNAIYRDNNFRVPKRVRWYITNMKYNGQGFYAENVFGSRNQEIKISPREFIVNGINLMNTGWKFINQNDINYSPGNRPDIRVIATNVARFNGDATIGNNGYTQFNQPLTRPDNSAEFGQGNVSAMHVTTVGVYNFRSDAQWYVKSNPPEIGNQWGPVWSEATRPLRLVGGTGSADIGGNLRTSGNASHHLATLWLGVNNARNGACVVTLDWKNDEWIAAAGIGCYNPLEDLTQWGEVDSRLRIFGNNFQKRVHQIMCLPVNMCVPFHFIRGTVVQCGVIPGHNAMQMKAMWAPATTNSATQGDYAITYWLVARADGSVEVWVNVEMSNIMNMRVILPEVRIAVQRLA,Enterobacter,Pseudomonas,0.12749734756723755,0.9999712,2.8789043e-05,0.12749734756723755,3,22
1,0,MN434096,Klebsiella,QFR57578.1,round1_cand1,T148L;N379P;R474T,MGFYAGRIGDKKVLSLTSGNNKDVNNHTNPGWDTIFHSDMPHVVVLETHERDLWDGGDWYRCTRMPDRIIQVLSADYDRVVLTEVEFEDGTRRFIYGTSLGVGAKAYNAYFSNTVGSQASAGTMASMKTNVCASADLHMDVSFYFEELPGTINEKLRDGTGCMYTWGVNSEWGDRGPGPPVGAPIRPNFETIIKAGWVLYRGAFSGNIAGSVSPPNRPLTIGADAMRHPWMRTTGVNSICLRGETLNRNIYGHMGPRYGKGSNPVGGPYAHNIQTESYQEVQYKAGFFRGPPNNFMGWENTDNNNAGSGWGNNAIYRDNNFRVPKRVRWYITNMKYNGQGFYAENVFGSRNQEIKISPREFIVNGINLMNTGWKFINQPDINYSPGNRPDIRVIATNVARFNGDATIGNNGYTQFNQPLTRPDNSAEFGQGNVSAMHVTTVGVYNFRSDAQWYVKSNPPEIGNQWGPVWSEATTPLRLVGGTGSADIGGNLRTSGNASHHLATLWLGVNNSRNGACVVTLDWKNDEWIAAAGIGCYNPLEDLTQWSEVDSRLRIFGNNFQKRVHQIMCLPVNMCVPFHFIRGTVVQCGVIPGHNAMQMKAMWAPATTNSATQGDYAITYWLVARADGSVEVWVNVEMSNIMNMRVILPEVRIAVQRLA,Enterobacter,Pseudomonas,0.12618608341367663,0.99993205,6.7949295e-05,0.12618608341367663,3,23
1,0,MN434096,Klebsiella,QFR57578.1,round1_cand22,T191A;N377S,MGFYAGRIGDKKVLSLTSGNNKDVNNHTNPGWDTIFHSDMPHVVVLETHERDLWDGGDWYRCTRMPDRIIQVLSADYDRVVLTEVEFEDGTRRFIYGTSLGVGAKAYNAYFSNTVGSQASAGTMASMKTNVCASADLHMDVSFYFEETPGTINEKLRDGTGCMYTWGVNSEWGDRGPGPPVGAPIRPNFEAIIKAGWVLYRGAFSGNIAGSVSPPNRPLTIGADAMRHPWMRTTGVNSICLRGETLNRNIYGHMGPRYGKGSNPVGGPYAHNIQTESYQEVQYKAGFFRGPPNNFMGWENTDNNNAGSGWGNNAIYRDNNFRVPKRVRWYITNMKYNGQGFYAENVFGSRNQEIKISPREFIVNGINLMNTGWKFISQNDINYSPGNRPDIRVIATNVARFNGDATIGNNGYTQFNQPLTRPDNSAEFGQGNVSAMHVTTVGVYNFRSDAQWYVKSNPPEIGNQWGPVWSEATRPLRLVGGTGSADIGGNLRTSGNASHHLATLWLGVNNSRNGACVVTLDWKNDEWIAAAGIGCYNPLEDLTQWSEVDSRLRIFGNNFQKRVHQIMCLPVNMCVPFHFIRGTVVQCGVIPGHNAMQMKAMWAPATTNSATQGDYAITYWLVARADGSVEVWVNVEMSNIMNMRVILPEVRIAVQRLA,Enterobacter,Pseudomonas,0.12614604138091015,0.9999797,2.0325184e-05,0.12614604138091015,2,24
1,0,MN434096,Klebsiella,QFR57578.1,round1_cand7,K128I,MGFYAGRIGDKKVLSLTSGNNKDVNNHTNPGWDTIFHSDMPHVVVLETHERDLWDGGDWYRCTRMPDRIIQVLSADYDRVVLTEVEFEDGTRRFIYGTSLGVGAKAYNAYFSNTVGSQASAGTMASMITNVCASADLHMDVSFYFEETPGTINEKLRDGTGCMYTWGVNSEWGDRGPGPPVGAPIRPNFETIIKAGWVLYRGAFSGNIAGSVSPPNRPLTIGADAMRHPWMRTTGVNSICLRGETLNRNIYGHMGPRYGKGSNPVGGPYAHNIQTESYQEVQYKAGFFRGPPNNFMGWENTDNNNAGSGWGNNAIYRDNNFRVPKRVRWYITNMKYNGQGFYAENVFGSRNQEIKISPREFIVNGINLMNTGWKFINQNDINYSPGNRPDIRVIATNVARFNGDATIGNNGYTQFNQPLTRPDNSAEFGQGNVSAMHVTTVGVYNFRSDAQWYVKSNPPEIGNQWGPVWSEATRPLRLVGGTGSADIGGNLRTSGNASHHLATLWLGVNNSRNGACVVTLDWKNDEWIAAAGIGCYNPLEDLTQWSEVDSRLRIFGNNFQKRVHQIMCLPVNMCVPFHFIRGTVVQCGVIPGHNAMQMKAMWAPATTNSATQGDYAITYWLVARADGSVEVWVNVEMSNIMNMRVILPEVRIAVQRLA,Enterobacter,Pseudomonas,0.12604004393730864,0.9999783,2.169609e-05,0.12604004393730864,1,25
1,0,MN434096,Klebsiella,QFR57578.1,round1_cand32,T151V,MGFYAGRIGDKKVLSLTSGNNKDVNNHTNPGWDTIFHSDMPHVVVLETHERDLWDGGDWYRCTRMPDRIIQVLSADYDRVVLTEVEFEDGTRRFIYGTSLGVGAKAYNAYFSNTVGSQASAGTMASMKTNVCASADLHMDVSFYFEETPGVINEKLRDGTGCMYTWGVNSEWGDRGPGPPVGAPIRPNFETIIKAGWVLYRGAFSGNIAGSVSPPNRPLTIGADAMRHPWMRTTGVNSICLRGETLNRNIYGHMGPRYGKGSNPVGGPYAHNIQTESYQEVQYKAGFFRGPPNNFMGWENTDNNNAGSGWGNNAIYRDNNFRVPKRVRWYITNMKYNGQGFYAENVFGSRNQEIKISPREFIVNGINLMNTGWKFINQNDINYSPGNRPDIRVIATNVARFNGDATIGNNGYTQFNQPLTRPDNSAEFGQGNVSAMHVTTVGVYNFRSDAQWYVKSNPPEIGNQWGPVWSEATRPLRLVGGTGSADIGGNLRTSGNASHHLATLWLGVNNSRNGACVVTLDWKNDEWIAAAGIGCYNPLEDLTQWSEVDSRLRIFGNNFQKRVHQIMCLPVNMCVPFHFIRGTVVQCGVIPGHNAMQMKAMWAPATTNSATQGDYAITYWLVARADGSVEVWVNVEMSNIMNMRVILPEVRIAVQRLA,Enterobacter,Pseudomonas,0.12547496601600935,0.9999933,6.67572e-06,0.12547496601600935,1,26
1,0,MN434096,Klebsiella,QFR57578.1,round1_cand20,R328G,MGFYAGRIGDKKVLSLTSGNNKDVNNHTNPGWDTIFHSDMPHVVVLETHERDLWDGGDWYRCTRMPDRIIQVLSADYDRVVLTEVEFEDGTRRFIYGTSLGVGAKAYNAYFSNTVGSQASAGTMASMKTNVCASADLHMDVSFYFEETPGTINEKLRDGTGCMYTWGVNSEWGDRGPGPPVGAPIRPNFETIIKAGWVLYRGAFSGNIAGSVSPPNRPLTIGADAMRHPWMRTTGVNSICLRGETLNRNIYGHMGPRYGKGSNPVGGPYAHNIQTESYQEVQYKAGFFRGPPNNFMGWENTDNNNAGSGWGNNAIYRDNNFRVPKRVGWYITNMKYNGQGFYAENVFGSRNQEIKISPREFIVNGINLMNTGWKFINQNDINYSPGNRPDIRVIATNVARFNGDATIGNNGYTQFNQPLTRPDNSAEFGQGNVSAMHVTTVGVYNFRSDAQWYVKSNPPEIGNQWGPVWSEATRPLRLVGGTGSADIGGNLRTSGNASHHLATLWLGVNNSRNGACVVTLDWKNDEWIAAAGIGCYNPLEDLTQWSEVDSRLRIFGNNFQKRVHQIMCLPVNMCVPFHFIRGTVVQCGVIPGHNAMQMKAMWAPATTNSATQGDYAITYWLVARADGSVEVWVNVEMSNIMNMRVILPEVRIAVQRLA,Enterobacter,Pseudomonas,0.1253455359189968,0.9999307,6.93202e-05,0.1253455359189968,1,27
1,0,MN434096,Klebsiella,QFR57578.1,round1_cand40,L199R;F415V;I590F,MGFYAGRIGDKKVLSLTSGNNKDVNNHTNPGWDTIFHSDMPHVVVLETHERDLWDGGDWYRCTRMPDRIIQVLSADYDRVVLTEVEFEDGTRRFIYGTSLGVGAKAYNAYFSNTVGSQASAGTMASMKTNVCASADLHMDVSFYFEETPGTINEKLRDGTGCMYTWGVNSEWGDRGPGPPVGAPIRPNFETIIKAGWVRYRGAFSGNIAGSVSPPNRPLTIGADAMRHPWMRTTGVNSICLRGETLNRNIYGHMGPRYGKGSNPVGGPYAHNIQTESYQEVQYKAGFFRGPPNNFMGWENTDNNNAGSGWGNNAIYRDNNFRVPKRVRWYITNMKYNGQGFYAENVFGSRNQEIKISPREFIVNGINLMNTGWKFINQNDINYSPGNRPDIRVIATNVARFNGDATIGNNGYTQVNQPLTRPDNSAEFGQGNVSAMHVTTVGVYNFRSDAQWYVKSNPPEIGNQWGPVWSEATRPLRLVGGTGSADIGGNLRTSGNASHHLATLWLGVNNSRNGACVVTLDWKNDEWIAAAGIGCYNPLEDLTQWSEVDSRLRIFGNNFQKRVHQIMCLPVNMCVPFHFIRGTVVQCGVFPGHNAMQMKAMWAPATTNSATQGDYAITYWLVARADGSVEVWVNVEMSNIMNMRVILPEVRIAVQRLA,Enterobacter,Pseudomonas,0.12528147280735483,0.9999392,6.0796738e-05,0.12528147280735483,3,28
1,0,MN434096,Klebsiella,QFR57578.1,round1_cand16,A106P;K599Q;N639D,MGFYAGRIGDKKVLSLTSGNNKDVNNHTNPGWDTIFHSDMPHVVVLETHERDLWDGGDWYRCTRMPDRIIQVLSADYDRVVLTEVEFEDGTRRFIYGTSLGVGAKPYNAYFSNTVGSQASAGTMASMKTNVCASADLHMDVSFYFEETPGTINEKLRDGTGCMYTWGVNSEWGDRGPGPPVGAPIRPNFETIIKAGWVLYRGAFSGNIAGSVSPPNRPLTIGADAMRHPWMRTTGVNSICLRGETLNRNIYGHMGPRYGKGSNPVGGPYAHNIQTESYQEVQYKAGFFRGPPNNFMGWENTDNNNAGSGWGNNAIYRDNNFRVPKRVRWYITNMKYNGQGFYAENVFGSRNQEIKISPREFIVNGINLMNTGWKFINQNDINYSPGNRPDIRVIATNVARFNGDATIGNNGYTQFNQPLTRPDNSAEFGQGNVSAMHVTTVGVYNFRSDAQWYVKSNPPEIGNQWGPVWSEATRPLRLVGGTGSADIGGNLRTSGNASHHLATLWLGVNNSRNGACVVTLDWKNDEWIAAAGIGCYNPLEDLTQWSEVDSRLRIFGNNFQKRVHQIMCLPVNMCVPFHFIRGTVVQCGVIPGHNAMQMQAMWAPATTNSATQGDYAITYWLVARADGSVEVWVNVEMSDIMNMRVILPEVRIAVQRLA,Enterobacter,Pseudomonas,0.12471235816247168,0.9999648,3.5226345e-05,0.12471235816247168,3,29
1,0,MN434096,Klebsiella,QFR57578.1,round1_cand13,R51L,MGFYAGRIGDKKVLSLTSGNNKDVNNHTNPGWDTIFHSDMPHVVVLETHELDLWDGGDWYRCTRMPDRIIQVLSADYDRVVLTEVEFEDGTRRFIYGTSLGVGAKAYNAYFSNTVGSQASAGTMASMKTNVCASADLHMDVSFYFEETPGTINEKLRDGTGCMYTWGVNSEWGDRGPGPPVGAPIRPNFETIIKAGWVLYRGAFSGNIAGSVSPPNRPLTIGADAMRHPWMRTTGVNSICLRGETLNRNIYGHMGPRYGKGSNPVGGPYAHNIQTESYQEVQYKAGFFRGPPNNFMGWENTDNNNAGSGWGNNAIYRDNNFRVPKRVRWYITNMKYNGQGFYAENVFGSRNQEIKISPREFIVNGINLMNTGWKFINQNDINYSPGNRPDIRVIATNVARFNGDATIGNNGYTQFNQPLTRPDNSAEFGQGNVSAMHVTTVGVYNFRSDAQWYVKSNPPEIGNQWGPVWSEATRPLRLVGGTGSADIGGNLRTSGNASHHLATLWLGVNNSRNGACVVTLDWKNDEWIAAAGIGCYNPLEDLTQWSEVDSRLRIFGNNFQKRVHQIMCLPVNMCVPFHFIRGTVVQCGVIPGHNAMQMKAMWAPATTNSATQGDYAITYWLVARADGSVEVWVNVEMSNIMNMRVILPEVRIAVQRLA,Enterobacter,Pseudomonas,0.12466617105389292,0.99996144,3.8564205e-05,0.12466617105389292,1,30
1,0,MN434096,Klebsiella,QFR57578.1,round1_cand28,D89A,MGFYAGRIGDKKVLSLTSGNNKDVNNHTNPGWDTIFHSDMPHVVVLETHERDLWDGGDWYRCTRMPDRIIQVLSADYDRVVLTEVEFEAGTRRFIYGTSLGVGAKAYNAYFSNTVGSQASAGTMASMKTNVCASADLHMDVSFYFEETPGTINEKLRDGTGCMYTWGVNSEWGDRGPGPPVGAPIRPNFETIIKAGWVLYRGAFSGNIAGSVSPPNRPLTIGADAMRHPWMRTTGVNSICLRGETLNRNIYGHMGPRYGKGSNPVGGPYAHNIQTESYQEVQYKAGFFRGPPNNFMGWENTDNNNAGSGWGNNAIYRDNNFRVPKRVRWYITNMKYNGQGFYAENVFGSRNQEIKISPREFIVNGINLMNTGWKFINQNDINYSPGNRPDIRVIATNVARFNGDATIGNNGYTQFNQPLTRPDNSAEFGQGNVSAMHVTTVGVYNFRSDAQWYVKSNPPEIGNQWGPVWSEATRPLRLVGGTGSADIGGNLRTSGNASHHLATLWLGVNNSRNGACVVTLDWKNDEWIAAAGIGCYNPLEDLTQWSEVDSRLRIFGNNFQKRVHQIMCLPVNMCVPFHFIRGTVVQCGVIPGHNAMQMKAMWAPATTNSATQGDYAITYWLVARADGSVEVWVNVEMSNIMNMRVILPEVRIAVQRLA,Enterobacter,Pseudomonas,0.12416704020495337,0.99996555,3.4451485e-05,0.12416704020495337,1,31
1,0,MN434096,Klebsiella,QFR57578.1,round1_cand31,V454I;W602S,MGFYAGRIGDKKVLSLTSGNNKDVNNHTNPGWDTIFHSDMPHVVVLETHERDLWDGGDWYRCTRMPDRIIQVLSADYDRVVLTEVEFEDGTRRFIYGTSLGVGAKAYNAYFSNTVGSQASAGTMASMKTNVCASADLHMDVSFYFEETPGTINEKLRDGTGCMYTWGVNSEWGDRGPGPPVGAPIRPNFETIIKAGWVLYRGAFSGNIAGSVSPPNRPLTIGADAMRHPWMRTTGVNSICLRGETLNRNIYGHMGPRYGKGSNPVGGPYAHNIQTESYQEVQYKAGFFRGPPNNFMGWENTDNNNAGSGWGNNAIYRDNNFRVPKRVRWYITNMKYNGQGFYAENVFGSRNQEIKISPREFIVNGINLMNTGWKFINQNDINYSPGNRPDIRVIATNVARFNGDATIGNNGYTQFNQPLTRPDNSAEFGQGNVSAMHVTTVGVYNFRSDAQWYIKSNPPEIGNQWGPVWSEATRPLRLVGGTGSADIGGNLRTSGNASHHLATLWLGVNNSRNGACVVTLDWKNDEWIAAAGIGCYNPLEDLTQWSEVDSRLRIFGNNFQKRVHQIMCLPVNMCVPFHFIRGTVVQCGVIPGHNAMQMKAMSAPATTNSATQGDYAITYWLVARADGSVEVWVNVEMSNIMNMRVILPEVRIAVQRLA,Enterobacter,Pseudomonas,0.1240536948419886,0.99993473,6.5267086e-05,0.1240536948419886,2,32
1,0,MN434096,Klebsiella,QFR57578.1,round1_cand9,D525T,MGFYAGRIGDKKVLSLTSGNNKDVNNHTNPGWDTIFHSDMPHVVVLETHERDLWDGGDWYRCTRMPDRIIQVLSADYDRVVLTEVEFEDGTRRFIYGTSLGVGAKAYNAYFSNTVGSQASAGTMASMKTNVCASADLHMDVSFYFEETPGTINEKLRDGTGCMYTWGVNSEWGDRGPGPPVGAPIRPNFETIIKAGWVLYRGAFSGNIAGSVSPPNRPLTIGADAMRHPWMRTTGVNSICLRGETLNRNIYGHMGPRYGKGSNPVGGPYAHNIQTESYQEVQYKAGFFRGPPNNFMGWENTDNNNAGSGWGNNAIYRDNNFRVPKRVRWYITNMKYNGQGFYAENVFGSRNQEIKISPREFIVNGINLMNTGWKFINQNDINYSPGNRPDIRVIATNVARFNGDATIGNNGYTQFNQPLTRPDNSAEFGQGNVSAMHVTTVGVYNFRSDAQWYVKSNPPEIGNQWGPVWSEATRPLRLVGGTGSADIGGNLRTSGNASHHLATLWLGVNNSRNGACVVTLDWKNTEWIAAAGIGCYNPLEDLTQWSEVDSRLRIFGNNFQKRVHQIMCLPVNMCVPFHFIRGTVVQCGVIPGHNAMQMKAMWAPATTNSATQGDYAITYWLVARADGSVEVWVNVEMSNIMNMRVILPEVRIAVQRLA,Enterobacter,Pseudomonas,0.1234465321205981,0.99999124,8.761883e-06,0.1234465321205981,1,33
1,0,MN434096,Klebsiella,QFR57578.1,round1_cand0,N293D,MGFYAGRIGDKKVLSLTSGNNKDVNNHTNPGWDTIFHSDMPHVVVLETHERDLWDGGDWYRCTRMPDRIIQVLSADYDRVVLTEVEFEDGTRRFIYGTSLGVGAKAYNAYFSNTVGSQASAGTMASMKTNVCASADLHMDVSFYFEETPGTINEKLRDGTGCMYTWGVNSEWGDRGPGPPVGAPIRPNFETIIKAGWVLYRGAFSGNIAGSVSPPNRPLTIGADAMRHPWMRTTGVNSICLRGETLNRNIYGHMGPRYGKGSNPVGGPYAHNIQTESYQEVQYKAGFFRGPPDNFMGWENTDNNNAGSGWGNNAIYRDNNFRVPKRVRWYITNMKYNGQGFYAENVFGSRNQEIKISPREFIVNGINLMNTGWKFINQNDINYSPGNRPDIRVIATNVARFNGDATIGNNGYTQFNQPLTRPDNSAEFGQGNVSAMHVTTVGVYNFRSDAQWYVKSNPPEIGNQWGPVWSEATRPLRLVGGTGSADIGGNLRTSGNASHHLATLWLGVNNSRNGACVVTLDWKNDEWIAAAGIGCYNPLEDLTQWSEVDSRLRIFGNNFQKRVHQIMCLPVNMCVPFHFIRGTVVQCGVIPGHNAMQMKAMWAPATTNSATQGDYAITYWLVARADGSVEVWVNVEMSNIMNMRVILPEVRIAVQRLA,Enterobacter,Pseudomonas,0.12307026831349438,0.99997765,2.2351742e-05,0.12307026831349438,1,34
1,0,MN434096,Klebsiella,QFR57578.1,round1_cand42,Y336D;G408T;L419A,MGFYAGRIGDKKVLSLTSGNNKDVNNHTNPGWDTIFHSDMPHVVVLETHERDLWDGGDWYRCTRMPDRIIQVLSADYDRVVLTEVEFEDGTRRFIYGTSLGVGAKAYNAYFSNTVGSQASAGTMASMKTNVCASADLHMDVSFYFEETPGTINEKLRDGTGCMYTWGVNSEWGDRGPGPPVGAPIRPNFETIIKAGWVLYRGAFSGNIAGSVSPPNRPLTIGADAMRHPWMRTTGVNSICLRGETLNRNIYGHMGPRYGKGSNPVGGPYAHNIQTESYQEVQYKAGFFRGPPNNFMGWENTDNNNAGSGWGNNAIYRDNNFRVPKRVRWYITNMKDNGQGFYAENVFGSRNQEIKISPREFIVNGINLMNTGWKFINQNDINYSPGNRPDIRVIATNVARFNGDATITNNGYTQFNQPATRPDNSAEFGQGNVSAMHVTTVGVYNFRSDAQWYVKSNPPEIGNQWGPVWSEATRPLRLVGGTGSADIGGNLRTSGNASHHLATLWLGVNNSRNGACVVTLDWKNDEWIAAAGIGCYNPLEDLTQWSEVDSRLRIFGNNFQKRVHQIMCLPVNMCVPFHFIRGTVVQCGVIPGHNAMQMKAMWAPATTNSATQGDYAITYWLVARADGSVEVWVNVEMSNIMNMRVILPEVRIAVQRLA,Enterobacter,Pseudomonas,0.12281119308782586,0.99990356,9.6440315e-05,0.12281119308782586,3,35
1,0,MN434096,Klebsiella,QFR57578.1,round1_cand61,N337T,MGFYAGRIGDKKVLSLTSGNNKDVNNHTNPGWDTIFHSDMPHVVVLETHERDLWDGGDWYRCTRMPDRIIQVLSADYDRVVLTEVEFEDGTRRFIYGTSLGVGAKAYNAYFSNTVGSQASAGTMASMKTNVCASADLHMDVSFYFEETPGTINEKLRDGTGCMYTWGVNSEWGDRGPGPPVGAPIRPNFETIIKAGWVLYRGAFSGNIAGSVSPPNRPLTIGADAMRHPWMRTTGVNSICLRGETLNRNIYGHMGPRYGKGSNPVGGPYAHNIQTESYQEVQYKAGFFRGPPNNFMGWENTDNNNAGSGWGNNAIYRDNNFRVPKRVRWYITNMKYTGQGFYAENVFGSRNQEIKISPREFIVNGINLMNTGWKFINQNDINYSPGNRPDIRVIATNVARFNGDATIGNNGYTQFNQPLTRPDNSAEFGQGNVSAMHVTTVGVYNFRSDAQWYVKSNPPEIGNQWGPVWSEATRPLRLVGGTGSADIGGNLRTSGNASHHLATLWLGVNNSRNGACVVTLDWKNDEWIAAAGIGCYNPLEDLTQWSEVDSRLRIFGNNFQKRVHQIMCLPVNMCVPFHFIRGTVVQCGVIPGHNAMQMKAMWAPATTNSATQGDYAITYWLVARADGSVEVWVNVEMSNIMNMRVILPEVRIAVQRLA,Enterobacter,Pseudomonas,0.12246307001255285,0.99999136,8.6426735e-06,0.12246307001255285,1,36
1,0,MN434096,Klebsiella,QFR57578.1,round1_cand38,I35L,MGFYAGRIGDKKVLSLTSGNNKDVNNHTNPGWDTLFHSDMPHVVVLETHERDLWDGGDWYRCTRMPDRIIQVLSADYDRVVLTEVEFEDGTRRFIYGTSLGVGAKAYNAYFSNTVGSQASAGTMASMKTNVCASADLHMDVSFYFEETPGTINEKLRDGTGCMYTWGVNSEWGDRGPGPPVGAPIRPNFETIIKAGWVLYRGAFSGNIAGSVSPPNRPLTIGADAMRHPWMRTTGVNSICLRGETLNRNIYGHMGPRYGKGSNPVGGPYAHNIQTESYQEVQYKAGFFRGPPNNFMGWENTDNNNAGSGWGNNAIYRDNNFRVPKRVRWYITNMKYNGQGFYAENVFGSRNQEIKISPREFIVNGINLMNTGWKFINQNDINYSPGNRPDIRVIATNVARFNGDATIGNNGYTQFNQPLTRPDNSAEFGQGNVSAMHVTTVGVYNFRSDAQWYVKSNPPEIGNQWGPVWSEATRPLRLVGGTGSADIGGNLRTSGNASHHLATLWLGVNNSRNGACVVTLDWKNDEWIAAAGIGCYNPLEDLTQWSEVDSRLRIFGNNFQKRVHQIMCLPVNMCVPFHFIRGTVVQCGVIPGHNAMQMKAMWAPATTNSATQGDYAITYWLVARADGSVEVWVNVEMSNIMNMRVILPEVRIAVQRLA,Enterobacter,Pseudomonas,0.12238450896099777,0.99999577,4.23193e-06,0.12238450896099777,1,37
1,0,MN434096,Klebsiella,QFR57578.1,round1_cand12,G386V,MGFYAGRIGDKKVLSLTSGNNKDVNNHTNPGWDTIFHSDMPHVVVLETHERDLWDGGDWYRCTRMPDRIIQVLSADYDRVVLTEVEFEDGTRRFIYGTSLGVGAKAYNAYFSNTVGSQASAGTMASMKTNVCASADLHMDVSFYFEETPGTINEKLRDGTGCMYTWGVNSEWGDRGPGPPVGAPIRPNFETIIKAGWVLYRGAFSGNIAGSVSPPNRPLTIGADAMRHPWMRTTGVNSICLRGETLNRNIYGHMGPRYGKGSNPVGGPYAHNIQTESYQEVQYKAGFFRGPPNNFMGWENTDNNNAGSGWGNNAIYRDNNFRVPKRVRWYITNMKYNGQGFYAENVFGSRNQEIKISPREFIVNGINLMNTGWKFINQNDINYSPVNRPDIRVIATNVARFNGDATIGNNGYTQFNQPLTRPDNSAEFGQGNVSAMHVTTVGVYNFRSDAQWYVKSNPPEIGNQWGPVWSEATRPLRLVGGTGSADIGGNLRTSGNASHHLATLWLGVNNSRNGACVVTLDWKNDEWIAAAGIGCYNPLEDLTQWSEVDSRLRIFGNNFQKRVHQIMCLPVNMCVPFHFIRGTVVQCGVIPGHNAMQMKAMWAPATTNSATQGDYAITYWLVARADGSVEVWVNVEMSNIMNMRVILPEVRIAVQRLA,Enterobacter,Pseudomonas,0.1219017521190661,0.9999844,1.5616417e-05,0.1219017521190661,1,38
1,0,MN434096,Klebsiella,QFR57578.1,round1_cand23,L73N;I566D;Y619S,MGFYAGRIGDKKVLSLTSGNNKDVNNHTNPGWDTIFHSDMPHVVVLETHERDLWDGGDWYRCTRMPDRIIQVNSADYDRVVLTEVEFEDGTRRFIYGTSLGVGAKAYNAYFSNTVGSQASAGTMASMKTNVCASADLHMDVSFYFEETPGTINEKLRDGTGCMYTWGVNSEWGDRGPGPPVGAPIRPNFETIIKAGWVLYRGAFSGNIAGSVSPPNRPLTIGADAMRHPWMRTTGVNSICLRGETLNRNIYGHMGPRYGKGSNPVGGPYAHNIQTESYQEVQYKAGFFRGPPNNFMGWENTDNNNAGSGWGNNAIYRDNNFRVPKRVRWYITNMKYNGQGFYAENVFGSRNQEIKISPREFIVNGINLMNTGWKFINQNDINYSPGNRPDIRVIATNVARFNGDATIGNNGYTQFNQPLTRPDNSAEFGQGNVSAMHVTTVGVYNFRSDAQWYVKSNPPEIGNQWGPVWSEATRPLRLVGGTGSADIGGNLRTSGNASHHLATLWLGVNNSRNGACVVTLDWKNDEWIAAAGIGCYNPLEDLTQWSEVDSRLRIFGNNFQKRVHQDMCLPVNMCVPFHFIRGTVVQCGVIPGHNAMQMKAMWAPATTNSATQGDYAITSWLVARADGSVEVWVNVEMSNIMNMRVILPEVRIAVQRLA,Enterobacter,Pseudomonas,0.12140099374080379,0.99995315,4.684925e-05,0.12140099374080379,3,39
1,0,MN434096,Klebsiella,QFR57578.1,round1_cand50,F559N,MGFYAGRIGDKKVLSLTSGNNKDVNNHTNPGWDTIFHSDMPHVVVLETHERDLWDGGDWYRCTRMPDRIIQVLSADYDRVVLTEVEFEDGTRRFIYGTSLGVGAKAYNAYFSNTVGSQASAGTMASMKTNVCASADLHMDVSFYFEETPGTINEKLRDGTGCMYTWGVNSEWGDRGPGPPVGAPIRPNFETIIKAGWVLYRGAFSGNIAGSVSPPNRPLTIGADAMRHPWMRTTGVNSICLRGETLNRNIYGHMGPRYGKGSNPVGGPYAHNIQTESYQEVQYKAGFFRGPPNNFMGWENTDNNNAGSGWGNNAIYRDNNFRVPKRVRWYITNMKYNGQGFYAENVFGSRNQEIKISPREFIVNGINLMNTGWKFINQNDINYSPGNRPDIRVIATNVARFNGDATIGNNGYTQFNQPLTRPDNSAEFGQGNVSAMHVTTVGVYNFRSDAQWYVKSNPPEIGNQWGPVWSEATRPLRLVGGTGSADIGGNLRTSGNASHHLATLWLGVNNSRNGACVVTLDWKNDEWIAAAGIGCYNPLEDLTQWSEVDSRLRIFGNNNQKRVHQIMCLPVNMCVPFHFIRGTVVQCGVIPGHNAMQMKAMWAPATTNSATQGDYAITYWLVARADGSVEVWVNVEMSNIMNMRVILPEVRIAVQRLA,Enterobacter,Pseudomonas,0.12090893926793808,0.9999789,2.1100044e-05,0.12090893926793808,1,40
1,0,MN434096,Klebsiella,QFR57578.1,round1_cand21,T606Y,MGFYAGRIGDKKVLSLTSGNNKDVNNHTNPGWDTIFHSDMPHVVVLETHERDLWDGGDWYRCTRMPDRIIQVLSADYDRVVLTEVEFEDGTRRFIYGTSLGVGAKAYNAYFSNTVGSQASAGTMASMKTNVCASADLHMDVSFYFEETPGTINEKLRDGTGCMYTWGVNSEWGDRGPGPPVGAPIRPNFETIIKAGWVLYRGAFSGNIAGSVSPPNRPLTIGADAMRHPWMRTTGVNSICLRGETLNRNIYGHMGPRYGKGSNPVGGPYAHNIQTESYQEVQYKAGFFRGPPNNFMGWENTDNNNAGSGWGNNAIYRDNNFRVPKRVRWYITNMKYNGQGFYAENVFGSRNQEIKISPREFIVNGINLMNTGWKFINQNDINYSPGNRPDIRVIATNVARFNGDATIGNNGYTQFNQPLTRPDNSAEFGQGNVSAMHVTTVGVYNFRSDAQWYVKSNPPEIGNQWGPVWSEATRPLRLVGGTGSADIGGNLRTSGNASHHLATLWLGVNNSRNGACVVTLDWKNDEWIAAAGIGCYNPLEDLTQWSEVDSRLRIFGNNFQKRVHQIMCLPVNMCVPFHFIRGTVVQCGVIPGHNAMQMKAMWAPAYTNSATQGDYAITYWLVARADGSVEVWVNVEMSNIMNMRVILPEVRIAVQRLA,Enterobacter,Pseudomonas,0.12056725105872784,0.9999817,1.8298626e-05,0.12056725105872784,1,41
1,0,MN434096,Klebsiella,QFR57578.1,round1_cand26,S425R;I617N,MGFYAGRIGDKKVLSLTSGNNKDVNNHTNPGWDTIFHSDMPHVVVLETHERDLWDGGDWYRCTRMPDRIIQVLSADYDRVVLTEVEFEDGTRRFIYGTSLGVGAKAYNAYFSNTVGSQASAGTMASMKTNVCASADLHMDVSFYFEETPGTINEKLRDGTGCMYTWGVNSEWGDRGPGPPVGAPIRPNFETIIKAGWVLYRGAFSGNIAGSVSPPNRPLTIGADAMRHPWMRTTGVNSICLRGETLNRNIYGHMGPRYGKGSNPVGGPYAHNIQTESYQEVQYKAGFFRGPPNNFMGWENTDNNNAGSGWGNNAIYRDNNFRVPKRVRWYITNMKYNGQGFYAENVFGSRNQEIKISPREFIVNGINLMNTGWKFINQNDINYSPGNRPDIRVIATNVARFNGDATIGNNGYTQFNQPLTRPDNRAEFGQGNVSAMHVTTVGVYNFRSDAQWYVKSNPPEIGNQWGPVWSEATRPLRLVGGTGSADIGGNLRTSGNASHHLATLWLGVNNSRNGACVVTLDWKNDEWIAAAGIGCYNPLEDLTQWSEVDSRLRIFGNNFQKRVHQIMCLPVNMCVPFHFIRGTVVQCGVIPGHNAMQMKAMWAPATTNSATQGDYANTYWLVARADGSVEVWVNVEMSNIMNMRVILPEVRIAVQRLA,Enterobacter,Pseudomonas,0.12031022655165433,0.99993587,6.41346e-05,0.12031022655165433,2,42
1,0,MN434096,Klebsiella,QFR57578.1,round1_cand56,S112N,MGFYAGRIGDKKVLSLTSGNNKDVNNHTNPGWDTIFHSDMPHVVVLETHERDLWDGGDWYRCTRMPDRIIQVLSADYDRVVLTEVEFEDGTRRFIYGTSLGVGAKAYNAYFNNTVGSQASAGTMASMKTNVCASADLHMDVSFYFEETPGTINEKLRDGTGCMYTWGVNSEWGDRGPGPPVGAPIRPNFETIIKAGWVLYRGAFSGNIAGSVSPPNRPLTIGADAMRHPWMRTTGVNSICLRGETLNRNIYGHMGPRYGKGSNPVGGPYAHNIQTESYQEVQYKAGFFRGPPNNFMGWENTDNNNAGSGWGNNAIYRDNNFRVPKRVRWYITNMKYNGQGFYAENVFGSRNQEIKISPREFIVNGINLMNTGWKFINQNDINYSPGNRPDIRVIATNVARFNGDATIGNNGYTQFNQPLTRPDNSAEFGQGNVSAMHVTTVGVYNFRSDAQWYVKSNPPEIGNQWGPVWSEATRPLRLVGGTGSADIGGNLRTSGNASHHLATLWLGVNNSRNGACVVTLDWKNDEWIAAAGIGCYNPLEDLTQWSEVDSRLRIFGNNFQKRVHQIMCLPVNMCVPFHFIRGTVVQCGVIPGHNAMQMKAMWAPATTNSATQGDYAITYWLVARADGSVEVWVNVEMSNIMNMRVILPEVRIAVQRLA,Enterobacter,Pseudomonas,0.11845074703069898,0.99999213,7.867813e-06,0.11845074703069898,1,43
1,0,MN434096,Klebsiella,QFR57578.1,round1_cand43,W54T;T191N,MGFYAGRIGDKKVLSLTSGNNKDVNNHTNPGWDTIFHSDMPHVVVLETHERDLTDGGDWYRCTRMPDRIIQVLSADYDRVVLTEVEFEDGTRRFIYGTSLGVGAKAYNAYFSNTVGSQASAGTMASMKTNVCASADLHMDVSFYFEETPGTINEKLRDGTGCMYTWGVNSEWGDRGPGPPVGAPIRPNFENIIKAGWVLYRGAFSGNIAGSVSPPNRPLTIGADAMRHPWMRTTGVNSICLRGETLNRNIYGHMGPRYGKGSNPVGGPYAHNIQTESYQEVQYKAGFFRGPPNNFMGWENTDNNNAGSGWGNNAIYRDNNFRVPKRVRWYITNMKYNGQGFYAENVFGSRNQEIKISPREFIVNGINLMNTGWKFINQNDINYSPGNRPDIRVIATNVARFNGDATIGNNGYTQFNQPLTRPDNSAEFGQGNVSAMHVTTVGVYNFRSDAQWYVKSNPPEIGNQWGPVWSEATRPLRLVGGTGSADIGGNLRTSGNASHHLATLWLGVNNSRNGACVVTLDWKNDEWIAAAGIGCYNPLEDLTQWSEVDSRLRIFGNNFQKRVHQIMCLPVNMCVPFHFIRGTVVQCGVIPGHNAMQMKAMWAPATTNSATQGDYAITYWLVARADGSVEVWVNVEMSNIMNMRVILPEVRIAVQRLA,Enterobacter,Pseudomonas,0.11835013020420429,0.999973,2.7000904e-05,0.11835013020420429,2,44
1,0,MN434096,Klebsiella,QFR57578.1,round1_cand18,Q339N;G340E,MGFYAGRIGDKKVLSLTSGNNKDVNNHTNPGWDTIFHSDMPHVVVLETHERDLWDGGDWYRCTRMPDRIIQVLSADYDRVVLTEVEFEDGTRRFIYGTSLGVGAKAYNAYFSNTVGSQASAGTMASMKTNVCASADLHMDVSFYFEETPGTINEKLRDGTGCMYTWGVNSEWGDRGPGPPVGAPIRPNFETIIKAGWVLYRGAFSGNIAGSVSPPNRPLTIGADAMRHPWMRTTGVNSICLRGETLNRNIYGHMGPRYGKGSNPVGGPYAHNIQTESYQEVQYKAGFFRGPPNNFMGWENTDNNNAGSGWGNNAIYRDNNFRVPKRVRWYITNMKYNGNEFYAENVFGSRNQEIKISPREFIVNGINLMNTGWKFINQNDINYSPGNRPDIRVIATNVARFNGDATIGNNGYTQFNQPLTRPDNSAEFGQGNVSAMHVTTVGVYNFRSDAQWYVKSNPPEIGNQWGPVWSEATRPLRLVGGTGSADIGGNLRTSGNASHHLATLWLGVNNSRNGACVVTLDWKNDEWIAAAGIGCYNPLEDLTQWSEVDSRLRIFGNNFQKRVHQIMCLPVNMCVPFHFIRGTVVQCGVIPGHNAMQMKAMWAPATTNSATQGDYAITYWLVARADGSVEVWVNVEMSNIMNMRVILPEVRIAVQRLA,Enterobacter,Pseudomonas,0.11740491442072608,0.9999758,2.4199486e-05,0.11740491442072608,2,45
1,0,MN434096,Klebsiella,QFR57578.1,round1_cand29,D158Y;I315Y;G588V,MGFYAGRIGDKKVLSLTSGNNKDVNNHTNPGWDTIFHSDMPHVVVLETHERDLWDGGDWYRCTRMPDRIIQVLSADYDRVVLTEVEFEDGTRRFIYGTSLGVGAKAYNAYFSNTVGSQASAGTMASMKTNVCASADLHMDVSFYFEETPGTINEKLRYGTGCMYTWGVNSEWGDRGPGPPVGAPIRPNFETIIKAGWVLYRGAFSGNIAGSVSPPNRPLTIGADAMRHPWMRTTGVNSICLRGETLNRNIYGHMGPRYGKGSNPVGGPYAHNIQTESYQEVQYKAGFFRGPPNNFMGWENTDNNNAGSGWGNNAYYRDNNFRVPKRVRWYITNMKYNGQGFYAENVFGSRNQEIKISPREFIVNGINLMNTGWKFINQNDINYSPGNRPDIRVIATNVARFNGDATIGNNGYTQFNQPLTRPDNSAEFGQGNVSAMHVTTVGVYNFRSDAQWYVKSNPPEIGNQWGPVWSEATRPLRLVGGTGSADIGGNLRTSGNASHHLATLWLGVNNSRNGACVVTLDWKNDEWIAAAGIGCYNPLEDLTQWSEVDSRLRIFGNNFQKRVHQIMCLPVNMCVPFHFIRGTVVQCVVIPGHNAMQMKAMWAPATTNSATQGDYAITYWLVARADGSVEVWVNVEMSNIMNMRVILPEVRIAVQRLA,Enterobacter,Pseudomonas,0.11712427425389073,0.9999448,5.51939e-05,0.11712427425389073,3,46
1,0,MN434096,Klebsiella,QFR57578.1,round1_cand4,N382Y;V443A;P591G,MGFYAGRIGDKKVLSLTSGNNKDVNNHTNPGWDTIFHSDMPHVVVLETHERDLWDGGDWYRCTRMPDRIIQVLSADYDRVVLTEVEFEDGTRRFIYGTSLGVGAKAYNAYFSNTVGSQASAGTMASMKTNVCASADLHMDVSFYFEETPGTINEKLRDGTGCMYTWGVNSEWGDRGPGPPVGAPIRPNFETIIKAGWVLYRGAFSGNIAGSVSPPNRPLTIGADAMRHPWMRTTGVNSICLRGETLNRNIYGHMGPRYGKGSNPVGGPYAHNIQTESYQEVQYKAGFFRGPPNNFMGWENTDNNNAGSGWGNNAIYRDNNFRVPKRVRWYITNMKYNGQGFYAENVFGSRNQEIKISPREFIVNGINLMNTGWKFINQNDIYYSPGNRPDIRVIATNVARFNGDATIGNNGYTQFNQPLTRPDNSAEFGQGNVSAMHVTTVGAYNFRSDAQWYVKSNPPEIGNQWGPVWSEATRPLRLVGGTGSADIGGNLRTSGNASHHLATLWLGVNNSRNGACVVTLDWKNDEWIAAAGIGCYNPLEDLTQWSEVDSRLRIFGNNFQKRVHQIMCLPVNMCVPFHFIRGTVVQCGVIGGHNAMQMKAMWAPATTNSATQGDYAITYWLVARADGSVEVWVNVEMSNIMNMRVILPEVRIAVQRLA,Enterobacter,Pseudomonas,0.11702233123153641,0.99992186,7.814169e-05,0.11702233123153641,3,47
1,0,MN434096,Klebsiella,QFR57578.1,round1_cand46,I193G;G222N,MGFYAGRIGDKKVLSLTSGNNKDVNNHTNPGWDTIFHSDMPHVVVLETHERDLWDGGDWYRCTRMPDRIIQVLSADYDRVVLTEVEFEDGTRRFIYGTSLGVGAKAYNAYFSNTVGSQASAGTMASMKTNVCASADLHMDVSFYFEETPGTINEKLRDGTGCMYTWGVNSEWGDRGPGPPVGAPIRPNFETIGKAGWVLYRGAFSGNIAGSVSPPNRPLTINADAMRHPWMRTTGVNSICLRGETLNRNIYGHMGPRYGKGSNPVGGPYAHNIQTESYQEVQYKAGFFRGPPNNFMGWENTDNNNAGSGWGNNAIYRDNNFRVPKRVRWYITNMKYNGQGFYAENVFGSRNQEIKISPREFIVNGINLMNTGWKFINQNDINYSPGNRPDIRVIATNVARFNGDATIGNNGYTQFNQPLTRPDNSAEFGQGNVSAMHVTTVGVYNFRSDAQWYVKSNPPEIGNQWGPVWSEATRPLRLVGGTGSADIGGNLRTSGNASHHLATLWLGVNNSRNGACVVTLDWKNDEWIAAAGIGCYNPLEDLTQWSEVDSRLRIFGNNFQKRVHQIMCLPVNMCVPFHFIRGTVVQCGVIPGHNAMQMKAMWAPATTNSATQGDYAITYWLVARADGSVEVWVNVEMSNIMNMRVILPEVRIAVQRLA,Enterobacter,Pseudomonas,0.11684689327758471,0.9999708,2.9206276e-05,0.11684689327758471,2,48
1,0,MN434096,Klebsiella,QFR57578.1,round1_cand59,L16I;A109G,MGFYAGRIGDKKVLSITSGNNKDVNNHTNPGWDTIFHSDMPHVVVLETHERDLWDGGDWYRCTRMPDRIIQVLSADYDRVVLTEVEFEDGTRRFIYGTSLGVGAKAYNGYFSNTVGSQASAGTMASMKTNVCASADLHMDVSFYFEETPGTINEKLRDGTGCMYTWGVNSEWGDRGPGPPVGAPIRPNFETIIKAGWVLYRGAFSGNIAGSVSPPNRPLTIGADAMRHPWMRTTGVNSICLRGETLNRNIYGHMGPRYGKGSNPVGGPYAHNIQTESYQEVQYKAGFFRGPPNNFMGWENTDNNNAGSGWGNNAIYRDNNFRVPKRVRWYITNMKYNGQGFYAENVFGSRNQEIKISPREFIVNGINLMNTGWKFINQNDINYSPGNRPDIRVIATNVARFNGDATIGNNGYTQFNQPLTRPDNSAEFGQGNVSAMHVTTVGVYNFRSDAQWYVKSNPPEIGNQWGPVWSEATRPLRLVGGTGSADIGGNLRTSGNASHHLATLWLGVNNSRNGACVVTLDWKNDEWIAAAGIGCYNPLEDLTQWSEVDSRLRIFGNNFQKRVHQIMCLPVNMCVPFHFIRGTVVQCGVIPGHNAMQMKAMWAPATTNSATQGDYAITYWLVARADGSVEVWVNVEMSNIMNMRVILPEVRIAVQRLA,Enterobacter,Pseudomonas,0.11680331468865404,0.99998724,1.2755394e-05,0.11680331468865404,2,49
1,0,MN434096,Klebsiella,QFR57578.1,round1_cand10,C132N;N397T,MGFYAGRIGDKKVLSLTSGNNKDVNNHTNPGWDTIFHSDMPHVVVLETHERDLWDGGDWYRCTRMPDRIIQVLSADYDRVVLTEVEFEDGTRRFIYGTSLGVGAKAYNAYFSNTVGSQASAGTMASMKTNVNASADLHMDVSFYFEETPGTINEKLRDGTGCMYTWGVNSEWGDRGPGPPVGAPIRPNFETIIKAGWVLYRGAFSGNIAGSVSPPNRPLTIGADAMRHPWMRTTGVNSICLRGETLNRNIYGHMGPRYGKGSNPVGGPYAHNIQTESYQEVQYKAGFFRGPPNNFMGWENTDNNNAGSGWGNNAIYRDNNFRVPKRVRWYITNMKYNGQGFYAENVFGSRNQEIKISPREFIVNGINLMNTGWKFINQNDINYSPGNRPDIRVIATTVARFNGDATIGNNGYTQFNQPLTRPDNSAEFGQGNVSAMHVTTVGVYNFRSDAQWYVKSNPPEIGNQWGPVWSEATRPLRLVGGTGSADIGGNLRTSGNASHHLATLWLGVNNSRNGACVVTLDWKNDEWIAAAGIGCYNPLEDLTQWSEVDSRLRIFGNNFQKRVHQIMCLPVNMCVPFHFIRGTVVQCGVIPGHNAMQMKAMWAPATTNSATQGDYAITYWLVARADGSVEVWVNVEMSNIMNMRVILPEVRIAVQRLA,Enterobacter,Pseudomonas,0.1163396135108324,0.9999764,2.360344e-05,0.1163396135108324,2,50
1,0,MN434096,Klebsiella,QFR57578.1,round1_cand62,P268N;L552G,MGFYAGRIGDKKVLSLTSGNNKDVNNHTNPGWDTIFHSDMPHVVVLETHERDLWDGGDWYRCTRMPDRIIQVLSADYDRVVLTEVEFEDGTRRFIYGTSLGVGAKAYNAYFSNTVGSQASAGTMASMKTNVCASADLHMDVSFYFEETPGTINEKLRDGTGCMYTWGVNSEWGDRGPGPPVGAPIRPNFETIIKAGWVLYRGAFSGNIAGSVSPPNRPLTIGADAMRHPWMRTTGVNSICLRGETLNRNIYGHMGPRYGKGSNPVGGNYAHNIQTESYQEVQYKAGFFRGPPNNFMGWENTDNNNAGSGWGNNAIYRDNNFRVPKRVRWYITNMKYNGQGFYAENVFGSRNQEIKISPREFIVNGINLMNTGWKFINQNDINYSPGNRPDIRVIATNVARFNGDATIGNNGYTQFNQPLTRPDNSAEFGQGNVSAMHVTTVGVYNFRSDAQWYVKSNPPEIGNQWGPVWSEATRPLRLVGGTGSADIGGNLRTSGNASHHLATLWLGVNNSRNGACVVTLDWKNDEWIAAAGIGCYNPLEDLTQWSEVDSRGRIFGNNFQKRVHQIMCLPVNMCVPFHFIRGTVVQCGVIPGHNAMQMKAMWAPATTNSATQGDYAITYWLVARADGSVEVWVNVEMSNIMNMRVILPEVRIAVQRLA,Enterobacter,Pseudomonas,0.11628782683580156,0.9999415,5.8472157e-05,0.11628782683580156,2,51
1,0,MN434096,Klebsiella,QFR57578.1,round1_cand11,Q279D;T519A;V589S,MGFYAGRIGDKKVLSLTSGNNKDVNNHTNPGWDTIFHSDMPHVVVLETHERDLWDGGDWYRCTRMPDRIIQVLSADYDRVVLTEVEFEDGTRRFIYGTSLGVGAKAYNAYFSNTVGSQASAGTMASMKTNVCASADLHMDVSFYFEETPGTINEKLRDGTGCMYTWGVNSEWGDRGPGPPVGAPIRPNFETIIKAGWVLYRGAFSGNIAGSVSPPNRPLTIGADAMRHPWMRTTGVNSICLRGETLNRNIYGHMGPRYGKGSNPVGGPYAHNIQTESYDEVQYKAGFFRGPPNNFMGWENTDNNNAGSGWGNNAIYRDNNFRVPKRVRWYITNMKYNGQGFYAENVFGSRNQEIKISPREFIVNGINLMNTGWKFINQNDINYSPGNRPDIRVIATNVARFNGDATIGNNGYTQFNQPLTRPDNSAEFGQGNVSAMHVTTVGVYNFRSDAQWYVKSNPPEIGNQWGPVWSEATRPLRLVGGTGSADIGGNLRTSGNASHHLATLWLGVNNSRNGACVVALDWKNDEWIAAAGIGCYNPLEDLTQWSEVDSRLRIFGNNFQKRVHQIMCLPVNMCVPFHFIRGTVVQCGSIPGHNAMQMKAMWAPATTNSATQGDYAITYWLVARADGSVEVWVNVEMSNIMNMRVILPEVRIAVQRLA,Enterobacter,Pseudomonas,0.11612377808933548,0.9999643,3.5703182e-05,0.11612377808933548,3,52
1,0,MN434096,Klebsiella,QFR57578.1,round1_cand25,V43I;T371E;N445D,MGFYAGRIGDKKVLSLTSGNNKDVNNHTNPGWDTIFHSDMPHIVVLETHERDLWDGGDWYRCTRMPDRIIQVLSADYDRVVLTEVEFEDGTRRFIYGTSLGVGAKAYNAYFSNTVGSQASAGTMASMKTNVCASADLHMDVSFYFEETPGTINEKLRDGTGCMYTWGVNSEWGDRGPGPPVGAPIRPNFETIIKAGWVLYRGAFSGNIAGSVSPPNRPLTIGADAMRHPWMRTTGVNSICLRGETLNRNIYGHMGPRYGKGSNPVGGPYAHNIQTESYQEVQYKAGFFRGPPNNFMGWENTDNNNAGSGWGNNAIYRDNNFRVPKRVRWYITNMKYNGQGFYAENVFGSRNQEIKISPREFIVNGINLMNEGWKFINQNDINYSPGNRPDIRVIATNVARFNGDATIGNNGYTQFNQPLTRPDNSAEFGQGNVSAMHVTTVGVYDFRSDAQWYVKSNPPEIGNQWGPVWSEATRPLRLVGGTGSADIGGNLRTSGNASHHLATLWLGVNNSRNGACVVTLDWKNDEWIAAAGIGCYNPLEDLTQWSEVDSRLRIFGNNFQKRVHQIMCLPVNMCVPFHFIRGTVVQCGVIPGHNAMQMKAMWAPATTNSATQGDYAITYWLVARADGSVEVWVNVEMSNIMNMRVILPEVRIAVQRLA,Enterobacter,Pseudomonas,0.1152642249395292,0.9999612,3.8802624e-05,0.1152642249395292,3,53
1,0,MN434096,Klebsiella,QFR57578.1,round1_cand60,G386T,MGFYAGRIGDKKVLSLTSGNNKDVNNHTNPGWDTIFHSDMPHVVVLETHERDLWDGGDWYRCTRMPDRIIQVLSADYDRVVLTEVEFEDGTRRFIYGTSLGVGAKAYNAYFSNTVGSQASAGTMASMKTNVCASADLHMDVSFYFEETPGTINEKLRDGTGCMYTWGVNSEWGDRGPGPPVGAPIRPNFETIIKAGWVLYRGAFSGNIAGSVSPPNRPLTIGADAMRHPWMRTTGVNSICLRGETLNRNIYGHMGPRYGKGSNPVGGPYAHNIQTESYQEVQYKAGFFRGPPNNFMGWENTDNNNAGSGWGNNAIYRDNNFRVPKRVRWYITNMKYNGQGFYAENVFGSRNQEIKISPREFIVNGINLMNTGWKFINQNDINYSPTNRPDIRVIATNVARFNGDATIGNNGYTQFNQPLTRPDNSAEFGQGNVSAMHVTTVGVYNFRSDAQWYVKSNPPEIGNQWGPVWSEATRPLRLVGGTGSADIGGNLRTSGNASHHLATLWLGVNNSRNGACVVTLDWKNDEWIAAAGIGCYNPLEDLTQWSEVDSRLRIFGNNFQKRVHQIMCLPVNMCVPFHFIRGTVVQCGVIPGHNAMQMKAMWAPATTNSATQGDYAITYWLVARADGSVEVWVNVEMSNIMNMRVILPEVRIAVQRLA,Enterobacter,Pseudomonas,0.11490901964069823,0.999989,1.1026859e-05,0.11490901964069823,1,54
1,0,MN434096,Klebsiella,QFR57578.1,round1_cand51,C516S;V518S;N524A,MGFYAGRIGDKKVLSLTSGNNKDVNNHTNPGWDTIFHSDMPHVVVLETHERDLWDGGDWYRCTRMPDRIIQVLSADYDRVVLTEVEFEDGTRRFIYGTSLGVGAKAYNAYFSNTVGSQASAGTMASMKTNVCASADLHMDVSFYFEETPGTINEKLRDGTGCMYTWGVNSEWGDRGPGPPVGAPIRPNFETIIKAGWVLYRGAFSGNIAGSVSPPNRPLTIGADAMRHPWMRTTGVNSICLRGETLNRNIYGHMGPRYGKGSNPVGGPYAHNIQTESYQEVQYKAGFFRGPPNNFMGWENTDNNNAGSGWGNNAIYRDNNFRVPKRVRWYITNMKYNGQGFYAENVFGSRNQEIKISPREFIVNGINLMNTGWKFINQNDINYSPGNRPDIRVIATNVARFNGDATIGNNGYTQFNQPLTRPDNSAEFGQGNVSAMHVTTVGVYNFRSDAQWYVKSNPPEIGNQWGPVWSEATRPLRLVGGTGSADIGGNLRTSGNASHHLATLWLGVNNSRNGASVSTLDWKADEWIAAAGIGCYNPLEDLTQWSEVDSRLRIFGNNFQKRVHQIMCLPVNMCVPFHFIRGTVVQCGVIPGHNAMQMKAMWAPATTNSATQGDYAITYWLVARADGSVEVWVNVEMSNIMNMRVILPEVRIAVQRLA,Enterobacter,Pseudomonas,0.11404878554274198,0.9999533,4.6670437e-05,0.11404878554274198,3,55
1,0,MN434096,Klebsiella,QFR57578.1,round1_cand33,A109N,MGFYAGRIGDKKVLSLTSGNNKDVNNHTNPGWDTIFHSDMPHVVVLETHERDLWDGGDWYRCTRMPDRIIQVLSADYDRVVLTEVEFEDGTRRFIYGTSLGVGAKAYNNYFSNTVGSQASAGTMASMKTNVCASADLHMDVSFYFEETPGTINEKLRDGTGCMYTWGVNSEWGDRGPGPPVGAPIRPNFETIIKAGWVLYRGAFSGNIAGSVSPPNRPLTIGADAMRHPWMRTTGVNSICLRGETLNRNIYGHMGPRYGKGSNPVGGPYAHNIQTESYQEVQYKAGFFRGPPNNFMGWENTDNNNAGSGWGNNAIYRDNNFRVPKRVRWYITNMKYNGQGFYAENVFGSRNQEIKISPREFIVNGINLMNTGWKFINQNDINYSPGNRPDIRVIATNVARFNGDATIGNNGYTQFNQPLTRPDNSAEFGQGNVSAMHVTTVGVYNFRSDAQWYVKSNPPEIGNQWGPVWSEATRPLRLVGGTGSADIGGNLRTSGNASHHLATLWLGVNNSRNGACVVTLDWKNDEWIAAAGIGCYNPLEDLTQWSEVDSRLRIFGNNFQKRVHQIMCLPVNMCVPFHFIRGTVVQCGVIPGHNAMQMKAMWAPATTNSATQGDYAITYWLVARADGSVEVWVNVEMSNIMNMRVILPEVRIAVQRLA,Enterobacter,Pseudomonas,0.11230806461316248,0.999991,9.000301e-06,0.11230806461316248,1,56
1,0,MN434096,Klebsiella,QFR57578.1,round1_cand37,S349D;A395D;V468G,MGFYAGRIGDKKVLSLTSGNNKDVNNHTNPGWDTIFHSDMPHVVVLETHERDLWDGGDWYRCTRMPDRIIQVLSADYDRVVLTEVEFEDGTRRFIYGTSLGVGAKAYNAYFSNTVGSQASAGTMASMKTNVCASADLHMDVSFYFEETPGTINEKLRDGTGCMYTWGVNSEWGDRGPGPPVGAPIRPNFETIIKAGWVLYRGAFSGNIAGSVSPPNRPLTIGADAMRHPWMRTTGVNSICLRGETLNRNIYGHMGPRYGKGSNPVGGPYAHNIQTESYQEVQYKAGFFRGPPNNFMGWENTDNNNAGSGWGNNAIYRDNNFRVPKRVRWYITNMKYNGQGFYAENVFGDRNQEIKISPREFIVNGINLMNTGWKFINQNDINYSPGNRPDIRVIDTNVARFNGDATIGNNGYTQFNQPLTRPDNSAEFGQGNVSAMHVTTVGVYNFRSDAQWYVKSNPPEIGNQWGPGWSEATRPLRLVGGTGSADIGGNLRTSGNASHHLATLWLGVNNSRNGACVVTLDWKNDEWIAAAGIGCYNPLEDLTQWSEVDSRLRIFGNNFQKRVHQIMCLPVNMCVPFHFIRGTVVQCGVIPGHNAMQMKAMWAPATTNSATQGDYAITYWLVARADGSVEVWVNVEMSNIMNMRVILPEVRIAVQRLA,Enterobacter,Pseudomonas,0.11081061297285626,0.9999108,8.922815e-05,0.11081061297285626,3,57
1,0,MN434096,Klebsiella,QFR57578.1,round1_cand3,N20G;R624K,MGFYAGRIGDKKVLSLTSGGNKDVNNHTNPGWDTIFHSDMPHVVVLETHERDLWDGGDWYRCTRMPDRIIQVLSADYDRVVLTEVEFEDGTRRFIYGTSLGVGAKAYNAYFSNTVGSQASAGTMASMKTNVCASADLHMDVSFYFEETPGTINEKLRDGTGCMYTWGVNSEWGDRGPGPPVGAPIRPNFETIIKAGWVLYRGAFSGNIAGSVSPPNRPLTIGADAMRHPWMRTTGVNSICLRGETLNRNIYGHMGPRYGKGSNPVGGPYAHNIQTESYQEVQYKAGFFRGPPNNFMGWENTDNNNAGSGWGNNAIYRDNNFRVPKRVRWYITNMKYNGQGFYAENVFGSRNQEIKISPREFIVNGINLMNTGWKFINQNDINYSPGNRPDIRVIATNVARFNGDATIGNNGYTQFNQPLTRPDNSAEFGQGNVSAMHVTTVGVYNFRSDAQWYVKSNPPEIGNQWGPVWSEATRPLRLVGGTGSADIGGNLRTSGNASHHLATLWLGVNNSRNGACVVTLDWKNDEWIAAAGIGCYNPLEDLTQWSEVDSRLRIFGNNFQKRVHQIMCLPVNMCVPFHFIRGTVVQCGVIPGHNAMQMKAMWAPATTNSATQGDYAITYWLVAKADGSVEVWVNVEMSNIMNMRVILPEVRIAVQRLA,Enterobacter,Pseudomonas,0.11059497249538691,0.99998164,1.835823e-05,0.11059497249538691,2,58
1,0,MN434096,Klebsiella,QFR57578.1,round1_cand63,I554T,MGFYAGRIGDKKVLSLTSGNNKDVNNHTNPGWDTIFHSDMPHVVVLETHERDLWDGGDWYRCTRMPDRIIQVLSADYDRVVLTEVEFEDGTRRFIYGTSLGVGAKAYNAYFSNTVGSQASAGTMASMKTNVCASADLHMDVSFYFEETPGTINEKLRDGTGCMYTWGVNSEWGDRGPGPPVGAPIRPNFETIIKAGWVLYRGAFSGNIAGSVSPPNRPLTIGADAMRHPWMRTTGVNSICLRGETLNRNIYGHMGPRYGKGSNPVGGPYAHNIQTESYQEVQYKAGFFRGPPNNFMGWENTDNNNAGSGWGNNAIYRDNNFRVPKRVRWYITNMKYNGQGFYAENVFGSRNQEIKISPREFIVNGINLMNTGWKFINQNDINYSPGNRPDIRVIATNVARFNGDATIGNNGYTQFNQPLTRPDNSAEFGQGNVSAMHVTTVGVYNFRSDAQWYVKSNPPEIGNQWGPVWSEATRPLRLVGGTGSADIGGNLRTSGNASHHLATLWLGVNNSRNGACVVTLDWKNDEWIAAAGIGCYNPLEDLTQWSEVDSRLRTFGNNFQKRVHQIMCLPVNMCVPFHFIRGTVVQCGVIPGHNAMQMKAMWAPATTNSATQGDYAITYWLVARADGSVEVWVNVEMSNIMNMRVILPEVRIAVQRLA,Enterobacter,Pseudomonas,0.10986697989913688,0.99991274,8.72612e-05,0.10986697989913688,1,59
1,0,MN434096,Klebsiella,QFR57578.1,round1_cand58,G206T;G386D;A426W,MGFYAGRIGDKKVLSLTSGNNKDVNNHTNPGWDTIFHSDMPHVVVLETHERDLWDGGDWYRCTRMPDRIIQVLSADYDRVVLTEVEFEDGTRRFIYGTSLGVGAKAYNAYFSNTVGSQASAGTMASMKTNVCASADLHMDVSFYFEETPGTINEKLRDGTGCMYTWGVNSEWGDRGPGPPVGAPIRPNFETIIKAGWVLYRGAFSTNIAGSVSPPNRPLTIGADAMRHPWMRTTGVNSICLRGETLNRNIYGHMGPRYGKGSNPVGGPYAHNIQTESYQEVQYKAGFFRGPPNNFMGWENTDNNNAGSGWGNNAIYRDNNFRVPKRVRWYITNMKYNGQGFYAENVFGSRNQEIKISPREFIVNGINLMNTGWKFINQNDINYSPDNRPDIRVIATNVARFNGDATIGNNGYTQFNQPLTRPDNSWEFGQGNVSAMHVTTVGVYNFRSDAQWYVKSNPPEIGNQWGPVWSEATRPLRLVGGTGSADIGGNLRTSGNASHHLATLWLGVNNSRNGACVVTLDWKNDEWIAAAGIGCYNPLEDLTQWSEVDSRLRIFGNNFQKRVHQIMCLPVNMCVPFHFIRGTVVQCGVIPGHNAMQMKAMWAPATTNSATQGDYAITYWLVARADGSVEVWVNVEMSNIMNMRVILPEVRIAVQRLA,Enterobacter,Pseudomonas,0.10839396696149904,0.9999371,6.28829e-05,0.10839396696149904,3,60
1,0,MN434096,Klebsiella,QFR57578.1,round1_cand53,A225D;A270S,MGFYAGRIGDKKVLSLTSGNNKDVNNHTNPGWDTIFHSDMPHVVVLETHERDLWDGGDWYRCTRMPDRIIQVLSADYDRVVLTEVEFEDGTRRFIYGTSLGVGAKAYNAYFSNTVGSQASAGTMASMKTNVCASADLHMDVSFYFEETPGTINEKLRDGTGCMYTWGVNSEWGDRGPGPPVGAPIRPNFETIIKAGWVLYRGAFSGNIAGSVSPPNRPLTIGADDMRHPWMRTTGVNSICLRGETLNRNIYGHMGPRYGKGSNPVGGPYSHNIQTESYQEVQYKAGFFRGPPNNFMGWENTDNNNAGSGWGNNAIYRDNNFRVPKRVRWYITNMKYNGQGFYAENVFGSRNQEIKISPREFIVNGINLMNTGWKFINQNDINYSPGNRPDIRVIATNVARFNGDATIGNNGYTQFNQPLTRPDNSAEFGQGNVSAMHVTTVGVYNFRSDAQWYVKSNPPEIGNQWGPVWSEATRPLRLVGGTGSADIGGNLRTSGNASHHLATLWLGVNNSRNGACVVTLDWKNDEWIAAAGIGCYNPLEDLTQWSEVDSRLRIFGNNFQKRVHQIMCLPVNMCVPFHFIRGTVVQCGVIPGHNAMQMKAMWAPATTNSATQGDYAITYWLVARADGSVEVWVNVEMSNIMNMRVILPEVRIAVQRLA,Enterobacter,Pseudomonas,0.1082174548426736,0.99997365,2.6345253e-05,0.1082174548426736,2,61
1,0,MN434096,Klebsiella,QFR57578.1,round1_cand47,M231N;A399T,MGFYAGRIGDKKVLSLTSGNNKDVNNHTNPGWDTIFHSDMPHVVVLETHERDLWDGGDWYRCTRMPDRIIQVLSADYDRVVLTEVEFEDGTRRFIYGTSLGVGAKAYNAYFSNTVGSQASAGTMASMKTNVCASADLHMDVSFYFEETPGTINEKLRDGTGCMYTWGVNSEWGDRGPGPPVGAPIRPNFETIIKAGWVLYRGAFSGNIAGSVSPPNRPLTIGADAMRHPWNRTTGVNSICLRGETLNRNIYGHMGPRYGKGSNPVGGPYAHNIQTESYQEVQYKAGFFRGPPNNFMGWENTDNNNAGSGWGNNAIYRDNNFRVPKRVRWYITNMKYNGQGFYAENVFGSRNQEIKISPREFIVNGINLMNTGWKFINQNDINYSPGNRPDIRVIATNVTRFNGDATIGNNGYTQFNQPLTRPDNSAEFGQGNVSAMHVTTVGVYNFRSDAQWYVKSNPPEIGNQWGPVWSEATRPLRLVGGTGSADIGGNLRTSGNASHHLATLWLGVNNSRNGACVVTLDWKNDEWIAAAGIGCYNPLEDLTQWSEVDSRLRIFGNNFQKRVHQIMCLPVNMCVPFHFIRGTVVQCGVIPGHNAMQMKAMWAPATTNSATQGDYAITYWLVARADGSVEVWVNVEMSNIMNMRVILPEVRIAVQRLA,Enterobacter,Pseudomonas,0.10772864305738361,0.9999528,4.720688e-05,0.10772864305738361,2,62
1,0,MN434096,Klebsiella,QFR57578.1,round1_cand15,R79D;Q282Y,MGFYAGRIGDKKVLSLTSGNNKDVNNHTNPGWDTIFHSDMPHVVVLETHERDLWDGGDWYRCTRMPDRIIQVLSADYDDVVLTEVEFEDGTRRFIYGTSLGVGAKAYNAYFSNTVGSQASAGTMASMKTNVCASADLHMDVSFYFEETPGTINEKLRDGTGCMYTWGVNSEWGDRGPGPPVGAPIRPNFETIIKAGWVLYRGAFSGNIAGSVSPPNRPLTIGADAMRHPWMRTTGVNSICLRGETLNRNIYGHMGPRYGKGSNPVGGPYAHNIQTESYQEVYYKAGFFRGPPNNFMGWENTDNNNAGSGWGNNAIYRDNNFRVPKRVRWYITNMKYNGQGFYAENVFGSRNQEIKISPREFIVNGINLMNTGWKFINQNDINYSPGNRPDIRVIATNVARFNGDATIGNNGYTQFNQPLTRPDNSAEFGQGNVSAMHVTTVGVYNFRSDAQWYVKSNPPEIGNQWGPVWSEATRPLRLVGGTGSADIGGNLRTSGNASHHLATLWLGVNNSRNGACVVTLDWKNDEWIAAAGIGCYNPLEDLTQWSEVDSRLRIFGNNFQKRVHQIMCLPVNMCVPFHFIRGTVVQCGVIPGHNAMQMKAMWAPATTNSATQGDYAITYWLVARADGSVEVWVNVEMSNIMNMRVILPEVRIAVQRLA,Enterobacter,Pseudomonas,0.10704841750853716,0.99996686,3.3140182e-05,0.10704841750853716,2,63
1,0,MN434096,Klebsiella,QFR57578.1,round1_cand44,L53D;A183S;I193S,MGFYAGRIGDKKVLSLTSGNNKDVNNHTNPGWDTIFHSDMPHVVVLETHERDDWDGGDWYRCTRMPDRIIQVLSADYDRVVLTEVEFEDGTRRFIYGTSLGVGAKAYNAYFSNTVGSQASAGTMASMKTNVCASADLHMDVSFYFEETPGTINEKLRDGTGCMYTWGVNSEWGDRGPGPPVGSPIRPNFETISKAGWVLYRGAFSGNIAGSVSPPNRPLTIGADAMRHPWMRTTGVNSICLRGETLNRNIYGHMGPRYGKGSNPVGGPYAHNIQTESYQEVQYKAGFFRGPPNNFMGWENTDNNNAGSGWGNNAIYRDNNFRVPKRVRWYITNMKYNGQGFYAENVFGSRNQEIKISPREFIVNGINLMNTGWKFINQNDINYSPGNRPDIRVIATNVARFNGDATIGNNGYTQFNQPLTRPDNSAEFGQGNVSAMHVTTVGVYNFRSDAQWYVKSNPPEIGNQWGPVWSEATRPLRLVGGTGSADIGGNLRTSGNASHHLATLWLGVNNSRNGACVVTLDWKNDEWIAAAGIGCYNPLEDLTQWSEVDSRLRIFGNNFQKRVHQIMCLPVNMCVPFHFIRGTVVQCGVIPGHNAMQMKAMWAPATTNSATQGDYAITYWLVARADGSVEVWVNVEMSNIMNMRVILPEVRIAVQRLA,Enterobacter,Pseudomonas,0.10585848624095931,0.99995774,4.2259693e-05,0.10585848624095931,3,64
