round,parent_rank,virus_accession,source_host,protein_id,candidate_id,mutations,aa_sequence,pred_label,target_host,target_score,n_mutations,rank_in_round,seed_protein_id,seed_source_host,seed_pred_label,seed_target_score,delta_target_score,distance_from_seed
6,1,MN434096,Klebsiella,QFR57578.1,round6_cand97,H27P;C132P;C240A;M641A,MGFYAGRIGDKKVLSLTSGNNADVNNPTNPGWDTIFHSDMPHVVVLETHERDLWDGGDWYRTTRRPDRIIQVLSADYDRVVLTEVEFEDGTRRFIYGTSLGVGAKAYNAYFSNTVGSQASAGTMASMKTNVPASADLHMDVSFYFEETPGTINFKLRDGTGCMYTWGVNSEWGDRGPGPPVGAPIRPNFETIIKAGWVLYRGAFSGNIAGSVSPPNRPLTIGADAARHPWMRTTGVNSIALRGETLNRNIYGHMGPRYGVGSNPVGGPYAHNIQTESYQEVQYKAGFFRGPPNNFMGWENTDNNNAGSGWGNNAIYRDNNFRVPKRVRWYITNMPYNGQGFYAENVFGSRNQEIKISPREFIVNGINLMNTGWIFINQNDINYSPGNRPDIRVIATNVARFNGDATIGNNGYTQFNQPLTRPDNSAFFGQGNVSAMHVTTVGVYNFRSDAQWYVSSNPPEIGNQWGPVWSEATRPLRLVGGTGSADIGGNLRTSGNASHHLATLWLGVNNSRNGAAVVTLDWKNDEWIAAAGIGCYNPLEDLTQWSEVDSRLRIFGNNFQPRVHQIMTLPVNMAVPFHFIRGTVVQCGVIPGLNAMQMKAMWAPATTNSATQGDYAITYWLVARADGSVEVWVNVEMSNIANMRVILPEVRIAVQRLA,Pseudomonas,Pseudomonas,0.4564878656103316,4,1,QFR57578.1,Klebsiella,Enterobacter,0.12108417563131334,0.33540368997901826,19
6,0,MN434096,Klebsiella,QFR57578.1,round6_cand13,K155R;P256Y;K284V,MGFYAGRIGDKKVLSLTSGNNPDVNNHTNPGWDTIFHSDMPHVVVLETHERDLWDGGDWYRTTRMPDRIIQVLSADYDRVVLTEVEFEDGTRRFIYGTSLGVGAKAYNAYFSNTVGSQASAGTMASMRTNVPASADLHPDVSFYFEETPGTINERLRDGTGCMYTWGVNSEWGDRGPGPPVGAPIRPNFETIIKAGWVLYRGAFSGNIAGSVSPPNRPLTIGADAMRHPWMRTTGVNSIALRGETLNRNIYGHMGYRYGKGSNPVGGPYAHNIQTESYQEVQYVAGFFRGAPNNFMGWENTDNNNAGSGWGNNAIYRDNNFRVPKRVRWYITNMGYNGQGFYAENVFGSRNQEIKISPREFIVNGINLMNTGWIFINQNDINYSPGNRPDIRVIATNVARFNGDATIGNNGYTQFNQPLTRPDNSARFGQGNVSAMHVTTVGVYNFRSDAQWYVASNPPEIGNQWGPVWSEATRPLRLVGGTGSADIGGNLRTSGNASHHLATLWLGVNNSRNGACVVTLDWKNDEWIAAAGIGLYNPLEDLTQWSEVDSRLRIFGNNFQPRVHQIMCLPVNMTVPFPFARGTVVQCGVIPGHNAMQMKAMWAPATTNSATQGDYAITYWLVARADGSVEVWVNVETSNIGNGRVILPEVRIAVQRLA,Pseudomonas,Pseudomonas,0.4338885778238557,3,2,QFR57578.1,Klebsiella,Enterobacter,0.12108417563131334,0.31280440219254235,22
6,4,MN434096,Klebsiella,QFR57578.1,round6_cand260,K260A;H271A;K455G;K599Q,MGFYAGRIGDKKVLSLTSGNNPDVNNHTNPGWDTIFHSDMPHVVVLETHERDLWDGGDWYRCTRRPDRIIQVLSADYDRVVLTEVEFEDGTRRFIYGTSLGVGAKAYNAYFSNTVGSQASAGTMASMRTNVPASADLHPDVSFYFEETPGTINGKLRDGTGAMYTWGVNSEWGDRGPGPPVGAPIRPNFETIIKAGWVLYRGAFSGNIAGSVSPPNRPLTIGADANRHPWMRTTGVNSICLRGETLNRNIYGWMGPRYGAGSNPVGGPYAANIQTESYQEVQYTAGFFRGPPNNFMGWENTDNNNAGSGWGNNAIYRDNNFRVPTRVRWYITNMGYNGQGFYAENVFGSRNQEIKISPREFIVNGINLMNTGWGFINQNDINYSPGNRPDIRVIATNVARFNGDATIGNNGYTQFNQPLTRPDNSARFGQGNVSAMHVTTVGVYNFRSDAQWYVGSNPPEIGNQWGPVWSEATRPLRLVGGTGSADIGGNLRTSGNASHHLATLWLGVNNSRNGACVVTLDWKNDEWIAAAGIGCYNPLEDLTQWSEVDSRLRIFGNNFQKRVHQIMCLPVNMTVPFHFARGTVVQCGVIPGHNAMQMQAMWAPATTNSATQGDYAITYWLVARADGSVEVWVNVETSNIGNGRVILPEVRIAVQRLA,Pseudomonas,Pseudomonas,0.4251090385855219,4,3,QFR57578.1,Klebsiella,Enterobacter,0.12108417563131334,0.30402486295420855,23
6,1,MN434096,Klebsiella,QFR57578.1,round6_cand65,K128V;C162R;H253I;C587V,MGFYAGRIGDKKVLSLTSGNNADVNNHTNPGWDTIFHSDMPHVVVLETHERDLWDGGDWYRTTRRPDRIIQVLSADYDRVVLTEVEFEDGTRRFIYGTSLGVGAKAYNAYFSNTVGSQASAGTMASMVTNVCASADLHMDVSFYFEETPGTINFKLRDGTGRMYTWGVNSEWGDRGPGPPVGAPIRPNFETIIKAGWVLYRGAFSGNIAGSVSPPNRPLTIGADAARHPWMRTTGVNSICLRGETLNRNIYGIMGPRYGVGSNPVGGPYAHNIQTESYQEVQYKAGFFRGPPNNFMGWENTDNNNAGSGWGNNAIYRDNNFRVPKRVRWYITNMPYNGQGFYAENVFGSRNQEIKISPREFIVNGINLMNTGWIFINQNDINYSPGNRPDIRVIATNVARFNGDATIGNNGYTQFNQPLTRPDNSAFFGQGNVSAMHVTTVGVYNFRSDAQWYVSSNPPEIGNQWGPVWSEATRPLRLVGGTGSADIGGNLRTSGNASHHLATLWLGVNNSRNGAAVVTLDWKNDEWIAAAGIGCYNPLEDLTQWSEVDSRLRIFGNNFQPRVHQIMTLPVNMAVPFHFIRGTVVQVGVIPGLNAMQMKAMWAPATTNSATQGDYAITYWLVARADGSVEVWVNVEMSNIMNMRVILPEVRIAVQRLA,Pseudomonas,Pseudomonas,0.4249707190347309,4,4,QFR57578.1,Klebsiella,Enterobacter,0.12108417563131334,0.30388654340341753,19
6,2,MN434096,Klebsiella,QFR57578.1,round6_cand161,K22N;C132R;H253I;F577A,MGFYAGRIGDKKVLSLTSGNNNDVNNHTNPGWDTIFHSDMPHVVVLETHERDLWDGGDWYRTTRRPDRIIQVLSADYDRVVLTEVEFEDGTRRFIYGTSLGVGAKAYNAYFSNTVGSQASAGTMASMKTNVRASADLHMDVSFYFEETPGTINFKLRDGTGCMYTWGVNSEWGDRGPGPPVGAPIRPNFETIIKAGWVLYRGAFSGNIAGSVSPPNRPLTIGADAMRHPWMRTTGVNSIALRGETLNRNIYGIMGPRYGVGSNPVGGPYAHNIQTESYQEVQYRAGFFRGPPNNFMGWENTDNNNAGSGWGNNAIYRDNNFRVPKRVRWYITNMPYNGQGFYAENVFGSRNQEIKISPREFIVNGINLMNTGWIFINQNDINYSPGNRPDIRVIATNVARFNGDATIGNNGYTQFNQPLTRPDNSAFFGQGNVSAMHVTTVGVYNFRSDAQWYVSSNPPEIGNQWGPVWSEATRPLRLVGGTGSADIGGNLRTSGNASHHLATLWLGVNNSRNGACVVTLDWKNDEWIAAAGIGCYNPLEDLTQWSEVDSRLRIFGNNFQPRVHQIMCLPVNMAVPAHFIRGTVVQCGVIPGLNAMQMKAMWAPATTNSATQGDYAITYWLVARADGSVEVWVNVERSNIMNQRVILPEVRIAVQRLA,Pseudomonas,Pseudomonas,0.4205654237744096,4,7,QFR57578.1,Klebsiella,Enterobacter,0.12108417563131334,0.29948124814309623,19
6,5,MN434096,Klebsiella,QFR57578.1,round6_cand369,H253I;H271A;K455A,MGFYAGRIGDKKVLSLTSGNNPDVNNHTNPGWDTIFHSDMPHVVVLETHERDLWDGGDWYRCTRVPDRIIQVLSADYDRVVLTEVEFEDGTRRFIYGTSLGVGAKAYNAYFSNTVGSQASAGTMASMKTNVCASADLHMDVSFYFEETPGTINFKLRDGTGAMYTWGVNSEWGDRGPGPPVGAPIRPNFETIIKAGAVLYRGAFSGNIAGSVSPPNRPLTIGADAARHPWMRTTGVNSICLRGETLNRNIYGIMGPRYGKGSNPVGGPYAANIQTESYQEVQYKAGFFRGPPNNFMGWENTDNNNAGSGWGNNAIYRDNNFRVPFRVRNYITNMPYNGQGFYAENVFGSRNQEIKISPREFIVNGINLMNTGWLFINQNDINYSPGNRPDIRVIATNVARFNGDATIGNNGYTQFNQPLTRPDNSASFGQGNVSAMHVTTVGVYNFRSDAQWYVASNPPEIGNQWGPVWSEATRPLRLVGGTGSADIGGNLRTSGNASHHLATLWLGVNNSRNGACVVTLDWKNDEWIAAAGIGCYNPLEDLTQWSEVDSRLRIFGNNFQVRVHQIINLPVNMPVPFHFIRGTVVQCGVIPGHNAMQMKAMWAPATTNSATQGDYAITYWLVARADGSVEVWVNVEMSNIANSRVILPEVRIAVQRLA,Pseudomonas,Pseudomonas,0.4158029154221198,3,9,QFR57578.1,Klebsiella,Enterobacter,0.12108417563131334,0.2947187397908064,20
6,2,MN434096,Klebsiella,QFR57578.1,round6_cand157,K128R;H271N;K325A;M573V,MGFYAGRIGDKKVLSLTSGNNKDVNNHTNPGWDTIFHSDMPHVVVLETHERDLWDGGDWYRTTRRPDRIIQVLSADYDRVVLTEVEFEDGTRRFIYGTSLGVGAKAYNAYFSNTVGSQASAGTMASMRTNVCASADLHMDVSFYFEETPGTINFKLRDGTGCMYTWGVNSEWGDRGPGPPVGAPIRPNFETIIKAGWVLYRGAFSGNIAGSVSPPNRPLTIGADAMRHPWMRTTGVNSIALRGETLNRNIYGHMGPRYGVGSNPVGGPYANNIQTESYQEVQYRAGFFRGPPNNFMGWENTDNNNAGSGWGNNAIYRDNNFRVPARVRWYITNMPYNGQGFYAENVFGSRNQEIKISPREFIVNGINLMNTGWIFINQNDINYSPGNRPDIRVIATNVARFNGDATIGNNGYTQFNQPLTRPDNSAFFGQGNVSAMHVTTVGVYNFRSDAQWYVSSNPPEIGNQWGPVWSEATRPLRLVGGTGSADIGGNLRTSGNASHHLATLWLGVNNSRNGACVVTLDWKNDEWIAAAGIGCYNPLEDLTQWSEVDSRLRIFGNNFQPRVHQIMCLPVNVAVPFHFIRGTVVQCGVIPGLNAMQMKAMWAPATTNSATQGDYAITYWLVARADGSVEVWVNVERSNIMNQRVILPEVRIAVQRLA,Pseudomonas,Pseudomonas,0.4146507213232449,4,10,QFR57578.1,Klebsiella,Enterobacter,0.12108417563131334,0.2935665456919315,19
6,3,MN434096,Klebsiella,QFR57578.1,round6_cand254,K455R;C535V;M637R,MGFYAGRIGDKKVLSLTSGNNPDVNNHTNPGWDTIFHSDRPHVVVLETHERDLWDGGDWYRCTRMPDRIIQVLSADYDRVVLTEVEFEDGTRRFIYGTSLGVGAKAYNAYFSNTVGSQASAGTMASMKTNVAASADLHMDVSFYFEETPGTINFKLRDGTGCSYTWGVNSEWGDRGPGPPVGAPIRPNFETIIKAGWVLYRGAFSGNIAGSVSPPNRPLTIGADAARHPWMRTTGVNSITLRGETLNRNIYGHMGPRYGPGSNPVGGPYAHNIQTESYQEVQYKAGFFRGPPNNFMGWENTDNNNAGSGWGNNAIYRDNNFRVPFRVRNYITNMPYNGQGFYAENVFGSRNQEIKISPREFIVNGINLMNTGWGFINQNDINYSPGNRPDIRVIATNVARFNGDATIGNNGYTQFNQPLTRPDNSAEFGQGNVSAMHVTTVGVYNFRSDAQWYVRSNPPEIGNQWGPVWSEATRPLRLVGGTGSADIGGNLRTSGNASHHLATLWLGVNNSRNGAAVVTLDWKNDEWIAAAGIGVYNPLEDLTQWSEVDSRLRIFGNNFQKRVHQIMNLPVNMPVPFHFIRGTVVQCGVIPGLNAMQMKAMWAPATTNSATQGDYAITYWLVARADGSVEVWVNVERSNIPNMRVILPEVRIAVQRLA,Pseudomonas,Pseudomonas,0.4107367869346602,3,18,QFR57578.1,Klebsiella,Enterobacter,0.12108417563131334,0.28965261130334685,20
6,7,MN434096,Klebsiella,QFR57578.1,round6_cand511,M334P;K455A;C587I,MGFYAGRIGDKKVLSLTSGNNPDVNNHTNPGWDTIFHSDMPHVVVLETHERDLWDGGDWYRCTRMPDRIIQVLSADYDRVVLTEVEFEDGTRRFIYGTSLGVGAKAYNAYFSNTVGSQASAGTMASMRTNVPASADLHPDVSFYFEETPGTINLKLRDGTGCMYTWGVNSEWGDRGPGPPVGAPIRPNFETIIKAGGVLYRGAFSGNIAGSVSPPNRPLTIGADAMRHPWMRTTGVNSICLRGETLNRNIYGHMGPRYGGGSNPVGGPYAHNIQTESYQEVQYKAGFFRGPPNNFMGWENTDNNNAGSGWGNNAIYRDNNFRVPKRVRWYITNPGYNGQGFYAENVFGSRNQEIKISPREFIVNGINLMNTGWIFINQNDINYSPGNRPDIRVIATNVARFNGDATIGNNGYTQFNQPLTRPDNSARFGQGNVSAMHVTTVGVYNFRSDAQWYVASNPPEIGNQWGPVWSEATRPLRLVGGTGSADIGGNLRTSGNASHHLATLWLGVNNSRNGACVVTLDWKNDEWIAAAGIGCYNPLEDLTQWSEVDSRLRIFGNNFQGRVHQILSLPVNMTVPFHFARGTVVQIGVIPGHNAMQMLAMWAPATTNSATQGDYAITYWLVARADGSVEVWVNVETSNIGNGRVILPEVRIAVQRLA,Pseudomonas,Pseudomonas,0.4046660125002994,3,25,QFR57578.1,Klebsiella,Enterobacter,0.12108417563131334,0.283581836868986,22
6,4,MN434096,Klebsiella,QFR57578.1,round6_cand272,M40R;M567A;C568T;H578T,MGFYAGRIGDKKVLSLTSGNNPDVNNHTNPGWDTIFHSDRPHVVVLETHERDLWDGGDWYRCTRRPDRIIQVLSADYDRVVLTEVEFEDGTRRFIYGTSLGVGAKAYNAYFSNTVGSQASAGTMASMRTNVPASADLHPDVSFYFEETPGTINGKLRDGTGAMYTWGVNSEWGDRGPGPPVGAPIRPNFETIIKAGWVLYRGAFSGNIAGSVSPPNRPLTIGADANRHPWMRTTGVNSICLRGETLNRNIYGWMGPRYGKGSNPVGGPYAHNIQTESYQEVQYTAGFFRGPPNNFMGWENTDNNNAGSGWGNNAIYRDNNFRVPTRVRWYITNMGYNGQGFYAENVFGSRNQEIKISPREFIVNGINLMNTGWGFINQNDINYSPGNRPDIRVIATNVARFNGDATIGNNGYTQFNQPLTRPDNSARFGQGNVSAMHVTTVGVYNFRSDAQWYVKSNPPEIGNQWGPVWSEATRPLRLVGGTGSADIGGNLRTSGNASHHLATLWLGVNNSRNGACVVTLDWKNDEWIAAAGIGCYNPLEDLTQWSEVDSRLRIFGNNFQKRVHQIATLPVNMTVPFTFARGTVVQCGVIPGHNAMQMKAMWAPATTNSATQGDYAITYWLVARADGSVEVWVNVETSNIGNGRVILPEVRIAVQRLA,Pseudomonas,Pseudomonas,0.4027330153464303,4,29,QFR57578.1,Klebsiella,Enterobacter,0.12108417563131334,0.28164883971511695,23
