round,parent_rank,virus_accession,source_host,protein_id,candidate_id,mutations,aa_sequence,pred_label,target_host,target_score,seed_cosine_similarity,seed_novelty_distance,selection_score,n_mutations,rank_in_round,seed_protein_id,seed_source_host,seed_pred_label,seed_target_score,delta_target_score,distance_from_seed
4,0,MN434096,Klebsiella,QFR57578.1,round4_cand9,K105D;W527D;C574R,MGFYAGRIGDKKVLSLTSGNNKDVNNHTNPGRDTIFHSDMPHVVVLETHERDLWDGGDWYRCTRMPDRIIQVLSADYDRVVLTEVEFEDGTRRRIYGTSLGVGADAYNAYFSNTVGSQASAGTMASMKTNVCASADLHMDVSFYFEETPGTINEKLRDGTGCMYTWGVNSEWGDRGPGPPVGAPIRPNFETIIKAGWVLYRGAFSGNIAGSVSPPNRPLTIGADTMRHPWMRTTGVNSICLRGETLNRNIYGHMGPRYGKGSNPVGGPYAHNIQTESYQEVQYKAGFFRGPPNNFMGWENTDNNNAGSGFGNNAIYRDNNFRVPKRVRWYETPMKYNGQGFYAENVFGSRNQEIKISPREFIVNGINLMNTGWKFINQNDINYSPGNRPDIRVIATNVARFNGDATIGNNGYTQFNQPLTRPDNSAEFGQGNVSAMHVTTVGVYNFRSDAQWYVKSNPPEIGNQWGPVWSEATRPLRLVGGTGSADIGGNLRTSGNASHHLATLWLGVNNSRNGACVVTLDWKNDEDIAAAGIGCYNPLEDLTQWSEVDSRLRIFGNNFQKRVHQIMCLPNNMRVPFHFIRGTVVQCGVIPGHNAMQMKAMWAPATTNSATQGDYAITYWLVARADGSVEVWVNVEMSNIMNMRVILPNVRIAVQRLA,Enterobacter,Enterobacter,0.5660607576384127,0.9996302723884584,0.0003697276115417,0.5660607576384127,3,1,QFR57578.1,Klebsiella,Enterobacter,0.402655138922809,0.16340561871560366,11
4,8,MN434096,Klebsiella,QFR57578.1,round4_cand574,W329P;Y412R;V622R,MGFYAGRIGDKKVLSLTSGNNKDVNNHTNPGWDTIFHSDMPHVVVLETHERDLWDGGDWYRCTRMPDRIIQVLSADYDRVVLTEVEFEDGTRRFIYGTSLGVGAKAYNAYFSNTVGSQASTGTMASMKTNVCASADLHMDVSFYFEETPGTINEKLRDGTGCMYTWGVNSEWGDRGPGPPVGAPIRPNFETIIKAGWVLYRSAFSGNIAGSVSPPNRPLTIGADAMRHPWMRTTGVNSICLRGETLNRNIYGHMGPRYGKGSNPVGGPYAHNIQTESYQEVQYKAGFFRGPPNNFMGWENTDNNNAGSGWGNNAIYRDNNFRVPKRVRPYITNMKYNGQGFYAENVFGSRNQEIKISPREFIVNGINLMNTGDKFINQNDINYSPGNRPDIRVIATNVARFNGDATIGNNGRTQFNQPLTRPDNSAEFGQGNVSAMHVTTVSVYNFRSDAQWYVKSNPPEIGNQWGPVWSEATRPLRLVGGTGSADIGGNLRTSGNASHHLATLWLGVNNSRNGACVNTLDWKNDEWIAAAGNGCVNPLEDLTQWSEVDSRLRIFGNNFQKRVHQIMCLPVNMCVPFHFIRGTVVQCGVIPGHNAMQMKAMWAPATTNSATQGDYAITYWLRARADGSVEVWVNVEMSNIMNMRVILPEVRIAVQRLA,Enterobacter,Enterobacter,0.5587631114261852,0.9994724988937378,0.0005275011062622,0.5587631114261852,3,3,QFR57578.1,Klebsiella,Enterobacter,0.402655138922809,0.15610797250337616,10
4,6,MN434096,Klebsiella,QFR57578.1,round4_cand404,W310T;I391M;V635S,MGFYAGRIGDKKVLSLTSGNNKDVNNHTNPGWDTIFHSDMPHVVVLETHERDLWDGGDWYRCTRMPDRIIQVLSADYDRVVLTEVEFEDGTRRFIYGTSLGVGAKAYNAYFSNTVGSQASAGTMASMKTNVCASGDLHMDVSFYFEETPGTINEKLRDGTGAMYTWGVNSEWGDRGPGPPVGAPIRPNFETIIKAGWVLYRGAFSGNIAGSVSPPNRPLTIGADAMRHPWMRTTSVNSICLRGETLNRNIYGHMGPRYGKGSNPVGGPYAHNIQTESYQEVQYKAGFFRGPPNNFMGWENTDNNNAGSGTGNNAIYRDNNFRVPKRVRWYITNMKYNGQGFYAENVFGSRNQEIKISPREFIVNGINLMNTGWKFINQNDINYSPGNRPDMRVNATNVARFNGDATIGNNGYTQFNQPLTRPDNSAEFGQGNVSAMHVTTVGVYNFRSDAQWYVKSNPPEIGNQDGPVWSEATRPLRLVGGTGSADIGGNLRTSGNASHHLATLWLGVNNSRNGACVVTKDWKNDEWIAAAGIGCYNPLEDLTQWSEVDSRLRIFGNNFQKRVHQIMCLPVNMCVPFHFIRGTVVQCGVPPGHNAMQMKAMWAPATTNGATQGDYAITYWLVARADGSVEVWVNSEMSNIMNMRVILPEVRIAVQRLA,Enterobacter,Enterobacter,0.5377211288453932,0.999542236328125,0.000457763671875,0.5377211288453932,3,12,QFR57578.1,Klebsiella,Enterobacter,0.402655138922809,0.13506598992258423,11
4,0,MN434096,Klebsiella,QFR57578.1,round4_cand28,W632Q,MGFYAGRIGDKKVLSLTSGNNKDVNNHTNPGRDTIFHSDMPHVVVLETHERDLWDGGDWYRCTRMPDRIIQVLSADYDRVVLTEVEFEDGTRRRIYGTSLGVGAKAYNAYFSNTVGSQASAGTMASMKTNVCASADLHMDVSFYFEETPGTINEKLRDGTGCMYTWGVNSEWGDRGPGPPVGAPIRPNFETIIKAGWVLYRGAFSGNIAGSVSPPNRPLTIGADTMRHPWMRTTGVNSICLRGETLNRNIYGHMGPRYGKGSNPVGGPYAHNIQTESYQEVQYKAGFFRGPPNNFMGWENTDNNNAGSGFGNNAIYRDNNFRVPKRVRWYETPMKYNGQGFYAENVFGSRNQEIKISPREFIVNGINLMNTGWKFINQNDINYSPGNRPDIRVIATNVARFNGDATIGNNGYTQFNQPLTRPDNSAEFGQGNVSAMHVTTVGVYNFRSDAQWYVKSNPPEIGNQWGPVWSEATRPLRLVGGTGSADIGGNLRTSGNASHHLATLWLGVNNSRNGACVVTLDWKNDEWIAAAGIGCYNPLEDLTQWSEVDSRLRIFGNNFQKRVHQIMCLPNNMCVPFHFIRGTVVQCGVIPGHNAMQMKAMWAPATTNSATQGDYAITYWLVARADGSVEVQVNVEMSNIMNMRVILPNVRIAVQRLA,Enterobacter,Enterobacter,0.5604116772888464,0.9997442960739136,0.0002557039260864,0.5604116772888464,1,2,QFR57578.1,Klebsiella,Enterobacter,0.402655138922809,0.15775653836603742,9
4,2,MN434096,Klebsiella,QFR57578.1,round4_cand158,A343F;W632R,MGFYAGRIGDKKVLSLTSGNNKDVNNHTNPGWDTIFHSDNPHVVVLETHERDLWDGGDWYRCTRMPDRIIQVLSADYDRVVLTEVEFEDGTRRFIYGTSLGVGAKAYNAYFSNTVGSQASAGTMASMKTNVCASADLHMDVSFYFEETPGTINEKLRDGTGCMYTWGVNSEWGDRGPGPPVGAPIRPNFETIIKAGWVLYRSAFSGNIAGSVSPPNRPLTIGADAMRHPWMRTTGVNSICLRGETLNRNIYGHMGPRYGKGSNPVGGPYAHNIQTESYQEVQYKAGFFRGPPNNFMGWENTDNNNAGSGWGNNAIYRDNNFRVPKRVRWYITNMKYNGQGFYFENVFGSRNQEIKISPREFIVNGINLMNTGDKFINQNDINYSPGNRPDIRVIATNVARFNGDATIGNNGYTQFNQPLTRPDNSAEFGQGNVSAMHVTTVSVYNFRSDAQWYVKSNPPEIGNQWGPVWSEATRPLRLVGGTGSADIGGNLRTSGNASHHLATLWLGVNNSRNGACVNTLDWKNDEWIAAAGIGCYNPLEDLTQRSEVDSRLRIFGNNFQKRVHQIMCLPVNMCVPFHFIRGTVVQCGVIPGHNAMQMKAMWAPATTNSATQGDAAITYWLVARADGSVEVRVNVEMSNIMNMRVILPEVRIAVQRLA,Enterobacter,Enterobacter,0.5566321307115413,0.9994933605194092,0.0005066394805908,0.5566321307115413,2,4,QFR57578.1,Klebsiella,Enterobacter,0.402655138922809,0.15397699178873225,9
4,2,MN434096,Klebsiella,QFR57578.1,round4_cand141,Y278N;G462V;Y536R,MGFYAGRIGDKKVLSLTSGNNKDVNNHTNPGWDTIFHSDNPHVVVLETHERDLWDGGDWYRCTRMPDRIIQVLSADYDRVVLTEVEFEDGTRRFIYGTSLGVGAKAYNAYFSNTVGSQASAGTMASMKTNVCASADLHMDVSFYFEETPGTINEKLRDGTGCMYTWGVNSEWGDRGPGPPVGAPIRPNFETIIKAGWVLYRSAFSGNIAGSVSPPNRPLTIGADAMRHPWMRTTGVNSICLRGETLNRNIYGHMGPRYGKGSNPVGGPYAHNIQTESNQEVQYKAGFFRGPPNNFMGWENTDNNNAGSGWGNNAIYRDNNFRVPKRVRWYITNMKYNGQGFYAENVFGSRNQEIKISPREFIVNGINLMNTGDKFINQNDINYSPGNRPDIRVIATNVARFNGDATIGNNGYTQFNQPLTRPDNSAEFGQGNVSAMHVTTVSVYNFRSDAQWYVKSNPPEIVNQWGPVWSEATRPLRLVGGTGSADIGGNLRTSGNASHHLATLWLGVNNSRNGACVNTLDWKNDEWIAAAGIGCRNPLEDLTQRSEVDSRLRIFGNNFQKRVHQIMCLPVNMCVPFHFIRGTVVQCGVIPGHNAMQMKAMWAPATTNSATQGDAAITYWLVARADGSVEVWVNVEMSNIMNMRVILPEVRIAVQRLA,Enterobacter,Enterobacter,0.5517191493322546,0.9995328187942504,0.0004671812057495,0.5517191493322546,3,5,QFR57578.1,Klebsiella,Enterobacter,0.402655138922809,0.1490640104094456,10
4,0,MN434096,Klebsiella,QFR57578.1,round4_cand21,G365N;N457R;W632S,MGFYAGRIGDKKVLSLTSGNNKDVNNHTNPGRDTIFHSDMPHVVVLETHERDLWDGGDWYRCTRMPDRIIQVLSADYDRVVLTEVEFEDGTRRRIYGTSLGVGAKAYNAYFSNTVGSQASAGTMASMKTNVCASADLHMDVSFYFEETPGTINEKLRDGTGCMYTWGVNSEWGDRGPGPPVGAPIRPNFETIIKAGWVLYRGAFSGNIAGSVSPPNRPLTIGADTMRHPWMRTTGVNSICLRGETLNRNIYGHMGPRYGKGSNPVGGPYAHNIQTESYQEVQYKAGFFRGPPNNFMGWENTDNNNAGSGFGNNAIYRDNNFRVPKRVRWYETPMKYNGQGFYAENVFGSRNQEIKISPREFIVNNINLMNTGWKFINQNDINYSPGNRPDIRVIATNVARFNGDATIGNNGYTQFNQPLTRPDNSAEFGQGNVSAMHVTTVGVYNFRSDAQWYVKSRPPEIGNQWGPVWSEATRPLRLVGGTGSADIGGNLRTSGNASHHLATLWLGVNNSRNGACVVTLDWKNDEWIAAAGIGCYNPLEDLTQWSEVDSRLRIFGNNFQKRVHQIMCLPNNMCVPFHFIRGTVVQCGVIPGHNAMQMKAMWAPATTNSATQGDYAITYWLVARADGSVEVSVNVEMSNIMNMRVILPNVRIAVQRLA,Enterobacter,Enterobacter,0.5477627579647031,0.999664306640625,0.000335693359375,0.5477627579647031,3,6,QFR57578.1,Klebsiella,Enterobacter,0.402655138922809,0.14510761904189406,11
4,1,MN434096,Klebsiella,QFR57578.1,round4_cand106,W620Q,MGFYAGRIGDKKVLSLTSGNNKDVNNHTNPGWDTIFHSDMPHVVVLETHERDLWDGGDWYRCTRMPDRIIQVLSADYDRVVLTEVEFEDGTRRFIYGTSLGVGAAAYNAYFSNTVGSQASAGTMASMKTNVCASADLHMDVSFYFEETPGTINEKLRDGTGCMYTWGVNSEWGDRGPGPPVGAPIRPNFETIIKAGWVLYRGAFSGNIAGSVSPPNRPLTIGADAMRHPWMRTTGVNSICLRTETLNRNIYGHMGPRYGKGSNPVGGPYAHNIQTESYQEVQYKAGFFRGPPNNFMGWENTDNNNAGSGTGNNAIYRDNNFRVPKRVRTYITNMKYNGQGFYAENVFGSRNQEIKISPREFIVNGINLMNTGWKFINQNDINYSPGNRPDIRVIATNVARFNGDATIGNNGYTQFNQPLTRPDNSAEFGQGNVSAMHVTTVGVYNFRSDAQWYVKSNPPEIGNQWGPVWSEATRPLRLVGGTGSADIGGNLRTSGNASHHLATLWLGVRNSRNGACVVTLDWKNDEWIAAAGAGCYNPLEDLTQWSEVDSRLRIFGNNFQKRVHQIMCLPVNMCVPFHFIRGTVVQCGVIPGHNAMQMKAMWAPATTNSATQGDYAITYQLVARADGSVEVWVNVEMSNIMNMRVILREVRIAVQRLA,Enterobacter,Enterobacter,0.5443770689822385,0.9995112419128418,0.0004887580871582,0.5443770689822385,1,7,QFR57578.1,Klebsiella,Enterobacter,0.402655138922809,0.14172193005942946,8
4,4,MN434096,Klebsiella,QFR57578.1,round4_cand311,W373N,MGFYAGRIGDKKVLSLTSGNNKDVNNHTNPGWDTIFHSDMPHVVVLETHERDLWDGGDWYRCTRMPDRIIQVLSADYDRVVLTEVEFEDGTRRFIYGTSLGVGAKAYNAYFSNTVGVQASAGTMASMKTNVCASADLHMDVSFYFEETPGTINEKLRDGTGCMYTSGVNSEWGDRGPGPPVGAPIRPNFETIIKAGWVLYRGAFSGNIAGSVSPPNRPLTIGADAMRHPWMRTTGVNSICLRGETLNRNIYGHMGPRYGKGSNPVGGPYAHNIQTESYQEVQYKAGFFRGPPNNFMGWENTDNNNAGSGWGNNAIYRDNNFRVPKRVREYITNMKYNGQGFYAENVFGSRNQEIKISPREFIVNGINLMNTGNKFINQNDINYSPGNRPDFRVIATNVARFNGDATIGNNGYTQFNQPLTRPDNSAEFGQGNVSAMHVTTVGVYNFRSDAQWFVKSNPPEIGNQWGPVWSEATRPLRLVGGTGSADIGGNLRTSGNASHHLATLWLGVNNSRNGACVNTLDWKNDEWIAAAGIGCYNPLEDLTQWSEVDSRLRIFGNNFQKRVHQIMCLPVNMCVPFHFIRGTVVQCGVIPGHNAMQMKAMWAPATTNSATQGDYAITYWLVARADGSVEVWVNVEMSNIMNMRVILPEVRIAVQRLA,Enterobacter,Enterobacter,0.5432132792883377,0.9996032118797302,0.0003967881202697,0.5432132792883377,1,8,QFR57578.1,Klebsiella,Enterobacter,0.402655138922809,0.14055814036552872,7
4,2,MN434096,Klebsiella,QFR57578.1,round4_cand159,V45G;Y107R,MGFYAGRIGDKKVLSLTSGNNKDVNNHTNPGWDTIFHSDNPHVVGLETHERDLWDGGDWYRCTRMPDRIIQVLSADYDRVVLTEVEFEDGTRRFIYGTSLGVGAKARNAYFSNTVGSQASAGTMASMKTNVCASADLHMDVSFYFEETPGTINEKLRDGTGCMYTWGVNSEWGDRGPGPPVGAPIRPNFETIIKAGWVLYRSAFSGNIAGSVSPPNRPLTIGADAMRHPWMRTTGVNSICLRGETLNRNIYGHMGPRYGKGSNPVGGPYAHNIQTESYQEVQYKAGFFRGPPNNFMGWENTDNNNAGSGWGNNAIYRDNNFRVPKRVRWYITNMKYNGQGFYAENVFGSRNQEIKISPREFIVNGINLMNTGDKFINQNDINYSPGNRPDIRVIATNVARFNGDATIGNNGYTQFNQPLTRPDNSAEFGQGNVSAMHVTTVSVYNFRSDAQWYVKSNPPEIGNQWGPVWSEATRPLRLVGGTGSADIGGNLRTSGNASHHLATLWLGVNNSRNGACVNTLDWKNDEWIAAAGIGCYNPLEDLTQRSEVDSRLRIFGNNFQKRVHQIMCLPVNMCVPFHFIRGTVVQCGVIPGHNAMQMKAMWAPATTNSATQGDAAITYWLVARADGSVEVWVNVEMSNIMNMRVILPEVRIAVQRLA,Enterobacter,Enterobacter,0.5402188040547581,0.9996383190155028,0.000361680984497,0.5402188040547581,2,9,QFR57578.1,Klebsiella,Enterobacter,0.402655138922809,0.13756366513194906,9
