round,parent_rank,virus_accession,source_host,protein_id,candidate_id,mutations,aa_sequence,pred_label,target_host,target_score,n_mutations,rank_in_round
6,0,MN434096,Klebsiella,QFR57578.1,round6_cand28,G122I;N409T;V468T,MGFYAVRIGDKKVLSLTSGNNKDVNFHTVPGWDPIFHSDMPHVVVLETHERYLWDGGDWYRCTRMPDRIIQVLAADYDRVVLTEVEFEDGTRRFIYGTSLGVGAKAYNAYFSNTVGSQASAITMASMKTNVCASADLHMDVSFYFEETPGTILEKLRDGTGCMYTWGVNSEWGDRGPGPPVGAPIRPNFETIIKAGWVLYRGAFSGNIAGSVSPPNRPLTIGADAMRHPWMRTTGVNSICLRGETLNRNIYGHMGPRYGKGSNPVGGPYAHNIQTESYQEVQYKAGFFRGPPNNFMGWENTDNNNAGSGWGNNAIYRDNNFRVPKRVRWYPANMKYNGQGFYAENVFGSRNQEISISPREFIVNGINLMNTGWKFINQNDINYSPGNRPDIRVIATNVARFNGPATIGTNGYTQFNQPLTRPDNSAEFGQGPVSAMHVTTVGVYNARSDAQWYVGSNPPEIGNQWGPTWSEATRPLRLVGGTGSADIGGNLRTSGNASHHLATLWLGVNASRNGACVVTLDWKNDEWIAAAGIGCYNPLERLTQWSEVDSRLRIFGNNAQKRVHQIMCLPVEMCVPFHFIRGTVVQCGVIPGHNAMQMKAMWAPATTNSATQGDYAITYWLVARADGSVEVWVNVEMSNIMNMRVILPEVRIAVQRLA,Pseudomonas,Pseudomonas,0.47115859634986024,3,1
6,1,MN434096,Klebsiella,QFR57578.1,round6_cand110,P256T;I366A;N382G;Q560G,MGFYAVRIGDKKVLSLTSGNNKDVNFHTVPGWDTIFHSDMPHVVVLETHERYLWDGGDWYRCTRMPDRIIQVLAADYDRVVLTEVEFEDGTRRFIYGTSLGVGAKAYNAYFSNTVGSQASAGTMASMKTNVCASADLHMDVPFYFEETPGTINEKLRDGTGCMYTWGVNSEWGDRGPGPPVGAPIRPNFETIIKAGWVLYRGAFSGNIAGSVPPPNRPLTIGADAMRHPWMRTTGVNSICLRGETLNRNIYGHMGTRYGKGPNPVGGPYAHNIQTESYQEVQYKAGFFRGPPNNFMGWENTDNNNAGSGWGNNAIYRDNNFRVPKRVRWYIANMKYNGQGFYAENVFGSRNQEISISPREFIVNGANLMNTGWKFINQNDIGYSPGNRPDIRVIATNVARFNGPATIGNNGYTQFNQPLTRPDNSAEFGQGPVSAMHVTTVGVYNARSDAQWYVGSNPPEIGNQWGPVWSEATRPLRLVGGTGSADIGGNLRTSGNASHHLATLWLGVNASRNGACVVTLDWKNDEWIAAAGIGCYNPLEDLTQWSEVDSRLRIFGNNAGKRVHQIMCLPVEMCVPFHFIRGTVVQCGVIPGHNAMQMKAMWAPATTLSATQGDYAITYWLVARADGSVEVWVNVEMSNIMNMRVILPEVRIAVQRLA,Pseudomonas,Pseudomonas,0.45502051859864023,4,2
6,1,MN434096,Klebsiella,QFR57578.1,round6_cand81,D140A;P229G;K374G;E547V,MGFYAVRIGDKKVLSLTSGNNKDVNFHTVPGWDTIFHSDMPHVVVLETHERYLWDGGDWYRCTRMPDRIIQVLAADYDRVVLTEVEFEDGTRRFIYGTSLGVGAKAYNAYFSNTVGSQASAGTMASMKTNVCASADLHMAVPFYFEETPGTINEKLRDGTGCMYTWGVNSEWGDRGPGPPVGAPIRPNFETIIKAGWVLYRGAFSGNIAGSVPPPNRPLTIGADAMRHGWMRTTGVNSICLRGETLNRNIYGHMGPRYGKGPNPVGGPYAHNIQTESYQEVQYKAGFFRGPPNNFMGWENTDNNNAGSGWGNNAIYRDNNFRVPKRVRWYIANMKYNGQGFYAENVFGSRNQEISISPREFIVNGINLMNTGWGFINQNDINYSPGNRPDIRVIATNVARFNGPATIGNNGYTQFNQPLTRPDNSAEFGQGPVSAMHVTTVGVYNARSDAQWYVGSNPPEIGNQWGPVWSEATRPLRLVGGTGSADIGGNLRTSGNASHHLATLWLGVNASRNGACVVTLDWKNDEWIAAAGIGCYNPLEDLTQWSVVDSRLRIFGNNAQKRVHQIMCLPVEMCVPFHFIRGTVVQCGVIPGHNAMQMKAMWAPATTLSATQGDYAITYWLVARADGSVEVWVNVEMSNIMNMRVILPEVRIAVQRLA,Pseudomonas,Pseudomonas,0.45338829034752587,4,3
6,4,MN434096,Klebsiella,QFR57578.1,round6_cand261,R68G;Y77A;D449A;N557L,MGFYAVRIGDKKVLSLTSGNNKDVNFHTVPGWDTIFHSDMPHVVVLETHERYLWDGGDWYRCTRMPDGIIQVLAADADRVVLTEVEFEDGTRRFIYGTSLGVGAKAYNAYFSNTVGSQASAGTMASMKTNVCASADLHMDVSFYFEETPGTINEKLRDGTGAMYTWGVNSEWGDRGPGPPVGAPIRPNFETIIKAGWVLYRGAFSGNIAGSVSPPNRPLTIGADAMRHPWMRTTGVNSICLRGETLNRNIYGHMGPRYGKGSNPVGGPYAHNIQTESYQEVQYKAGFFRGPPNNFMGWENTDNNNAGSGWGNNAIYRDNNFRVPKRVRWYIANMKYNGQGFYAENVFGSRNQEISISPREFIVNGINLMNTGWKFINQNDINYSPGNRPDIRVIATNVARFNGPATIGNNGYTQFNQPLTRPDNSAEFGQGPVSAMHVTTVAVYNARSAAQWYVGSNPPEIGNQWGPVWSEATRPLRLVGGTGSADIGGNLRTSGNASHHLATLWLGVNASRNGACVVTLDWKNDEWIAAAGIGCYNPLEDLTQWSEVDSRLRIFGLNAQKRVHQIMCLPVEMCVPFHFIRGTVVQCPVIPGHGAMQMKAMWAPATTNSATQGDYAITYWLVARADGSVEVWVNVEMSNIMNMRVILPEVRIAVQRLA,Pseudomonas,Pseudomonas,0.4352576344040237,4,16
6,1,MN434096,Klebsiella,QFR57578.1,round6_cand101,S15R;G97S;Y269V;W505T,MGFYAVRIGDKKVLRLTSGNNKDVNFHTVPGWDTIFHSDMPHVVVLETHERYLWDGGDWYRCTRMPDRIIQVLAADYDRVVLTEVEFEDGTRRFIYSTSLGVGAKAYNAYFSNTVGSQASAGTMASMKTNVCASADLHMDVPFYFEETPGTINEKLRDGTGCMYTWGVNSEWGDRGPGPPVGAPIRPNFETIIKAGWVLYRGAFSGNIAGSVPPPNRPLTIGADAMRHPWMRTTGVNSICLRGETLNRNIYGHMGPRYGKGPNPVGGPVAHNIQTESYQEVQYKAGFFRGPPNNFMGWENTDNNNAGSGWGNNAIYRDNNFRVPKRVRWYIANMKYNGQGFYAENVFGSRNQEISISPREFIVNGINLMNTGWKFINQNDINYSPGNRPDIRVIATNVARFNGPATIGNNGYTQFNQPLTRPDNSAEFGQGPVSAMHVTTVGVYNARSDAQWYVGSNPPEIGNQWGPVWSEATRPLRLVGGTGSADIGGNLRTSGNASHHLATLTLGVNASRNGACVVTLDWKNDEWIAAAGIGCYNPLEDLTQWSEVDSRLRIFGNNAQKRVHQIMCLPVEMCVPFHFIRGTVVQCGVIPGHNAMQMKAMWAPATTLSATQGDYAITYWLVARADGSVEVWVNVEMSNIMNMRVILPEVRIAVQRLA,Pseudomonas,Pseudomonas,0.43299268731789126,4,20
6,2,MN434096,Klebsiella,QFR57578.1,round6_cand152,G159V;N524P;I554F;K561I,MGFYAVRIGDKKVLSLTSGNNKDVNNHTNPGWDTIFHSDMPHVVVLETHERYLWDGGDWYRCTRMPDRIIQVLSADYDRVVLTEVEFEDGTRRFIYGTSLGVGAKAYNAYFSNTVGSQASAGTMASMKTNVCASADLHMDVSFYFEETPGTINEKLRDVTGCMYTWGVNSEWGDRGPGPPVGAPIRPNFETRIKAGWVLYRGAFSGNIAGSVSPPNRPLTIGADAMRHPWMRTTGVNSICLRGETLNRNIYGHMGPRYGKGSNPVGGPYAHNIQTESYQEVQYKAGFFRGPPNNFMGWENTDNNNAGSGWGNNAIYRDNNFRVPARVRWYIANMKYNGQGFYAENVFGSRNQEISISPREFIVNGINLMNTGWKFINQNDINYSPGNRPDIRVIATNVARFNGPATIGNNGYTQFNAPLTRPDNVAEFGQGPVSAMHVTTVGVYNFRSDAQWYVGSNPPEIGNQWGPVWSEATRPLRLVGGTGSADIGGNLRISVNASHHLATLWLGVNASRNGACVVTLDWKPDEWIAAAGIGCYNPLEDLTQWSEVDSRLRFFGNNAQIRVHQIACLPVEMCVPFHFIRGTVVQCGVIPGHNAMQMKAMWAPATTNSATQGDYAITYWLVARADGSVEVWVNVEMSNIMNMRVILPEVRIAVQRLA,Pseudomonas,Pseudomonas,0.43289825998543763,4,21
6,2,MN434096,Klebsiella,QFR57578.1,round6_cand188,N20V;R400V;N409P;Y453G,MGFYAVRIGDKKVLSLTSGVNKDVNNHTNPGWDTIFHSDMPHVVVLETHERYLWDGGDWYRCTRMPDRIIQVLSADYDRVVLTEVEFEDGTRRFIYGTSLGVGAKAYNAYFSNTVGSQASAGTMASMKTNVCASADLHMDVSFYFEETPGTINEKLRDGTGCMYTWGVNSEWGDRGPGPPVGAPIRPNFETRIKAGWVLYRGAFSGNIAGSVSPPNRPLTIGADAMRHPWMRTTGVNSICLRGETLNRNIYGHMGPRYGKGSNPVGGPYAHNIQTESYQEVQYKAGFFRGPPNNFMGWENTDNNNAGSGWGNNAIYRDNNFRVPARVRWYIANMKYNGQGFYAENVFGSRNQEISISPREFIVNGINLMNTGWKFINQNDINYSPGNRPDIRVIATNVAVFNGPATIGPNGYTQFNAPLTRPDNVAEFGQGPVSAMHVTTVGVYNFRSDAQWGVGSNPPEIGNQWGPVWSEATRPLRLVGGTGSADIGGNLRISVNASHHLATLWLGVNASRNGACVVTLDWKNDEWIAAAGIGCYNPLEDLTQWSEVDSRLRIFGNNAQKRVHQIACLPVEMCVPFHFIRGTVVQCGVIPGHNAMQMKAMWAPATTNSATQGDYAITYWLVARADGSVEVWVNVEMSNIMNMRVILPEVRIAVQRLA,Pseudomonas,Pseudomonas,0.4316624281818555,4,24
6,3,MN434096,Klebsiella,QFR57578.1,round6_cand198,I35P;G243L;G462R;D521Q,MGFYAGRIGDKKVLSLTSGNNKDVNNHTNPGWDTPFHSDMPHVVVLATHERDLWDGGDWYRCTRMPIRIIQVLSADYDRVVLTEVEFEDGTRRFIYGTSLGVGAKAYNAYFSNTAGSQASAGTMASMKTNVCASADLHMDVSFYFEETPGTINEKLRDGTGCMYTWGVNSEWGDRGPGPPVGAPIRPNFETIIKAGWVLYRGAFSGNIAGSVSPPNRPLTIGADAMRHPWMRTTGVNSICLRLETLNRNIYGHMGPRYGKGSNPVGGPYAHNIQTDSYQEVQYKAGFFRGPPNNFMGWENTDANNAGSGWGNLAIYRDNNFRVPKRVRWYITNMKYNGQGFYAENVFGSRNQPIKISPREFIVNGINLMNTGWKFINGNDINYSPGNRPDIRVIATNVARFNGDATIGNNGYTQFNQPLTRPDRSAEFGQGNTSAMHVTTVGVYNFRSDAQWYVKSNPPEIRIQWGPVWSEATRPLRLVGGTGSADIGGNLRTSGNASLHLATLWLGVNNSRNGACVVTLQWKNAEWIAAAGIGCYNPLEDLTQWSEVDSRLRIFGNNFQTRVHQIMCLPVNMCVPFHFIRGTVVQCGVIPGHNAMAMKAMWAPATTNPATQGDPAITYWLVARADGSVEVWVNVEMSNIMNMRVILPDVRIAVQRLA,Pseudomonas,Pseudomonas,0.43165960697149525,4,25
6,2,MN434096,Klebsiella,QFR57578.1,round6_cand161,G2P;V72P;G307V;I407V,MPFYAVRIGDKKVLSLTSGNNKDVNNHTNPGWDTIFHSDMPHVVVLETHERYLWDGGDWYRCTRMPDRIIQPLSADYDRVVLTEVEFEDGTRRFIYGTSLGVGAKAYNAYFSNTVGSQASAGTMASMKTNVCASADLHMDVSFYFEETPGTINEKLRDGTGCMYTWGVNSEWGDRGPGPPVGAPIRPNFETRIKAGWVLYRGAFSGNIAGSVSPPNRPLTIGADAMRHPWMRTTGVNSICLRGETLNRNIYGHMGPRYGKGSNPVGGPYAHNIQTESYQEVQYKAGFFRGPPNNFMGWENTDNNNAVSGWGNNAIYRDNNFRVPARVRWYIANMKYNGQGFYAENVFGSRNQEISISPREFIVNGINLMNTGWKFINQNDINYSPGNRPDIRVIATNVARFNGPATVGNNGYTQFNAPLTRPDNVAEFGQGPVSAMHVTTVGVYNFRSDAQWYVGSNPPEIGNQWGPVWSEATRPLRLVGGTGSADIGGNLRISVNASHHLATLWLGVNASRNGACVVTLDWKNDEWIAAAGIGCYNPLEDLTQWSEVDSRLRIFGNNAQKRVHQIACLPVEMCVPFHFIRGTVVQCGVIPGHNAMQMKAMWAPATTNSATQGDYAITYWLVARADGSVEVWVNVEMSNIMNMRVILPEVRIAVQRLA,Pseudomonas,Pseudomonas,0.4313649567081945,4,26
6,2,MN434096,Klebsiella,QFR57578.1,round6_cand171,N272L;N445L;G480P;T503N,MGFYAVRIGDKKVLSLTSGNNKDVNNHTNPGWDTIFHSDMPHVVVLETHERYLWDGGDWYRCTRMPDRIIQVLSADYDRVVLTEVEFEDGTRRFIYGTSLGVGAKAYNAYFSNTVGSQASAGTMASMKTNVCASADLHMDVSFYFEETPGTINEKLRDGTGCMYTWGVNSEWGDRGPGPPVGAPIRPNFETRIKAGWVLYRGAFSGNIAGSVSPPNRPLTIGADAMRHPWMRTTGVNSICLRGETLNRNIYGHMGPRYGKGSNPVGGPYAHLIQTESYQEVQYKAGFFRGPPNNFMGWENTDNNNAGSGWGNNAIYRDNNFRVPARVRWYIANMKYNGQGFYAENVFGSRNQEISISPREFIVNGINLMNTGWKFINQNDINYSPGNRPDIRVIATNVARFNGPATIGNNGYTQFNAPLTRPDNVAEFGQGPVSAMHVTTVGVYLFRSDAQWYVGSNPPEIGNQWGPVWSEATRPLRLVPGTGSADIGGNLRISVNASHHLANLWLGVNASRNGACVVTLDWKNDEWIAAAGIGCYNPLEDLTQWSEVDSRLRIFGNNAQKRVHQIACLPVEMCVPFHFIRGTVVQCGVIPGHNAMQMKAMWAPATTNSATQGDYAITYWLVARADGSVEVWVNVEMSNIMNMRVILPEVRIAVQRLA,Pseudomonas,Pseudomonas,0.42937384168986137,4,32
6,5,MN434096,Klebsiella,QFR57578.1,round6_cand333,G176R;T396Q;D521Q;V589P,MGFYAGRIGDKKVLSLTSGNNKDVNNHTNPGWDTIFHSDMPHVVVLETHERDLWDGADWYRCTRMPIRIIQVLSADYDRVVLTEVEFEDGTRRFIYGTSLGVGAKAYNAYFSNTVGSSASAGTMASMKTNVCASADLHMDVSFYFEETPGTINEKLRDGTGCMYTWGVNSEWGDRRPGPPVGAPIRPNFETIIKAGWVLYRGAFSGNIAGSVSPPNRPLTIGADAMRHPWMRTTGVNSICLRGETLNRNIYGHMGPRYGKGSNPVGGPYAHNIQTESYQEVQYKAGFFRGPPNNFMGWENTDANNAGSGWGNLAIYRDNNFRVPKRVRWYITNMKYNGQGFYAENVFGSRNQPIKISPREFIVNGINLMNTGWKFINGNDINYSPGNRPDIRVIAQNVARFNGDATIGNNGYTQFNQPLTRPDRSAEFGQGNTSAMHVTTVGVYNFRSDAQWYVKSNPPEIGIQWGPVWSEATRPLRLVGGTGSADIGGNLRTSGNASLHLATLWLGVNNSRNGACVVTLQWKNAEWIAAAGIGCYNPLEDLTQWSEVDSRARIFGNNFQTRVHQIMCLPVNMCVPFHFIRGTVVQCGPIPGHNAMAMKAMWAPATTNSATQGDPAITYWLVARADGSVEVWVNVEMSSIMNMRVILPDVRIAVQRLA,Pseudomonas,Pseudomonas,0.4241724245614872,4,35
6,2,MN434096,Klebsiella,QFR57578.1,round6_cand191,M127G;E360S;W465R;I493L,MGFYAVRIGDKKVLSLTSGNNKDVNNHTNPGWDTIFHSDMPHVVVLETHERYLWDGGDWYRCTRMPDRIIQVLSADYDRVVLTEVEFEDGTRRFIYGTSLGVGAKAYNAYFSNTVGSQASAGTMASGKTNVCASADLHMDVSFYFEETPGTINEKLRDGTGCMYTWGVNSEWGDRGPGPPVGAPIRPNFETRIKAGWVLYRGAFSGNIAGSVSPPNRPLTIGADAMRHPWMRTTGVNSICLRGETLNRNIYGHMGPRYGKGSNPVGGPYAHNIQTESYQEVQYKAGFFRGPPNNFMGWENTDNNNAGSGWGNNAIYRDNNFRVPARVRWYIANMKYNGQGFYAENVFGSRNQEISISPRSFIVNGINLMNTGWKFINQNDINYSPGNRPDIRVIATNVARFNGPATIGNNGYTQFNAPLTRPDNVAEFGQGPVSAMHVTTVGVYNFRSDAQWYVGSNPPEIGNQRGPVWSEATRPLRLVGGTGSADIGGNLRLSVNASHHLATLWLGVNASRNGACVVTLDWKNDEWIAAAGIGCYNPLEDLTQWSEVDSRLRIFGNNAQKRVHQIACLPVEMCVPFHFIRGTVVQCGVIPGHNAMQMKAMWAPATTNSATQGDYAITYWLVARADGSVEVWVNVEMSNIMNMRVILPEVRIAVQRLA,Pseudomonas,Pseudomonas,0.4236009527742601,4,37
6,8,MN434096,Klebsiella,QFR57578.1,round6_cand572,G9R;V43D;N337E;N397A,MGFYAVRIRDKKVLSLTSGNVKDVNFHTVPGWDTIFHSDMPHDVVLETHERYLWDGGDWYRCTRMPDRIIQVLAADYDRVVLTEVEFEDGTRRFIYGTSLGVSAKAYNAYFSNTVGSQLSAGTMASMKTNVCASADLHMDVSFYFEETPGTINEKLRDGTGCMYTWGVNSEWGDRGPGPPVGAPIRPNFETIIKAGWVLYRGAFSGNIAGSVSPPNRPLTIGADAMRHPWMRTTGVNSICLRGETLNRNIYGHMGPRYGKGSNPVGGPYAHNIQTESYQEVQYKAGFFRGPPNNFMGWENTDNNNAGSGWGNNAIYRDNNFRVPKRVRWYIANMKYEGQGFYAENVFGSRNQEISISPREFIVNGINLMNTGWKFINQNDINYSPGNRPDIRVIATAVARFNGPATIGNNGYTQFNQPLTRPDNSAEFGQGPVSAMHVTTVGVYNARSDAQWYVGSNPPEIGNQWGPVWSEATRPLRLVGGTGSADIGGNLRTSGNASHHLATLWLGVNASRNGACVVTLDWKNDEWIAAAGIGCYNPLEDLTQWSEVDSRLRIFGNNAQKRVHQIMCLPVEMCVPFHFIRGTVVQCGVIPGHNAMQMKAMWAPATTNSATQGDYAITYWLVARADGSVEVWVNVEMSNIMNMRVILPEVRIALQRLA,Pseudomonas,Pseudomonas,0.4203243138708618,4,43
6,7,MN434096,Klebsiella,QFR57578.1,round6_cand487,D23R;M40A;N320G;Y453F,MGFYAVRIGDKKVLSLVSGNNKRVNFHTVPGWDTIFHSDAPHVVVLETHERYLWDGGDWYRCTRMPDRIIQVLAADYDRVVLTEVEFEDGTRRFIYGTSLGVGAKAYNAYFSNTVGSQASAGTMASMKTNVCASADLHMDVSFYFEETPGTINEKLRDGTGCMYTWGVNSEWGDRGPGPPVGAPIRPNFETIIKAGWVLYRGAFSGNIAGSVSPPNRPLTIGADAMRHPWMRTTGVNSICLRGETLNRNIYGFMGPRYGKGSNPVGGPYAHNIQTESYQEVQYKAGFFRGPPNNFMGWENTDNNNAGSGWGNNAIYRDNGFRVPKRVRWYIANMKYNGQGFYAENVFGSRNQEISISPREFIVNGINLMNTGWKFINQNDINYSPGNRPDIRVIATNQARFNGPATIGNNGYTQFNQPLTRPDNSAEFGQGPVSAMHVTTVGVYNARSDAQWFVGSNPPEIGNQWGPVWSEATRPLRLVGGTGSADIGGNLRTSGNASHHLATLWLGVNASRNGACVLTLDWKNDEWIAAAGIGCYNPLEDLTQWSEVDSRLRIFGNNAQKRVHQIMCLPVEMCVPFHFIRGTVVQCGVIPGHNAMQMKAMWAPATTNSATQGDYAITYWLVARADGSVEVWVNVEMSNIMNMRVILPEVRIAVQRLA,Pseudomonas,Pseudomonas,0.4191436503155664,4,45
6,3,MN434096,Klebsiella,QFR57578.1,round6_cand247,F428A;D449R;L539R;W620G,MGFYAGRIGDKKVLSLTSGNNKDVNNHTNPGWDTIFHSDMPHVVVLATHERDLWDGGDWYRCTRMPIRIIQVLSADYDRVVLTEVEFEDGTRRFIYGTSLGVGAKAYNAYFSNTAGSQASAGTMASMKTNVCASADLHMDVSFYFEETPGTINEKLRDGTGCMYTWGVNSEWGDRGPGPPVGAPIRPNFETIIKAGWVLYRGAFSGNIAGSVSPPNRPLTIGADAMRHPWMRTTGVNSICLRGETLNRNIYGHMGPRYGKGSNPVGGPYAHNIQTDSYQEVQYKAGFFRGPPNNFMGWENTDANNAGSGWGNLAIYRDNNFRVPKRVRWYITNMKYNGQGFYAENVFGSRNQPIKISPREFIVNGINLMNTGWKFINGNDINYSPGNRPDIRVIATNVARFNGDATIGNNGYTQFNQPLTRPDRSAEAGQGNTSAMHVTTVGVYNFRSRAQWYVKSNPPEIGIQWGPVWSEATRPLRLVGGTGSADIGGNLRTSGNASLHLATLWLGVNNSRNGACVVTLDWKNAEWIAAAGIGCYNPREDLTQWSEVDSRLRIFGNNFQTRVHQIMCLPVNMCVPFHFIRGTVVQCGVIPGHNAMAMKAMWAPATTNPATQGDPAITYGLVARADGSVEVWVNVEMSNIMNMRVILPDVRIAVQRLA,Pseudomonas,Pseudomonas,0.4177875469978227,4,49
6,1,MN434096,Klebsiella,QFR57578.1,round6_cand116,H27S;H42D;G103R;V584R,MGFYAVRIGDKKVLSLTSGNNKDVNFSTVPGWDTIFHSDMPDVVVLETHERYLWDGGDWYRCTRMPDRIIQVLAADYDRVVLTEVEFEDGTRRFIYGTSLGVRAKAYNAYFSNTVGSQASAGTMASMKTNVCASADLHMDVPFYFEETPGTINEKLRDGTGCMYTWGVNSEWGDRGPGPPVGAPIRPNFETIIKAGWVLYRGAFSGNIAGSVPPPNRPLTIGADAMRHPWMRTTGVNSICLRGETLNRNIYGHMGPRYGKGPNPVGGPYAHNIQTESYQEVQYKAGFFRGPPNNFMGWENTDNNNAGSGWGNNAIYRDNNFRVPKRVRWYIANMKYNGQGFYAENVFGSRNQEISISPREFIVNGINLMNTGWKFINQNDINYSPGNRPDIRVIATNVARFNGPATIGNNGYTQFNQPLTRPDNSAEFGQGPVSAMHVTTVGVYNARSDAQWYVGSNPPEIGNQWGPVWSEATRPLRLVGGTGSADIGGNLRTSGNASHHLATLWLGVNASRNGACVVTLDWKNDEWIAAAGIGCYNPLEDLTQWSEVDSRLRIFGNNAQKRVHQIMCLPVEMCVPFHFIRGTRVQCGVIPGHNAMQMKAMWAPATTLSATQGDYAITYWLVARADGSVEVWVNVEMSNIMNMRVILPEVRIAVQRLA,Pseudomonas,Pseudomonas,0.41380620186164974,4,58
6,3,MN434096,Klebsiella,QFR57578.1,round6_cand254,V80R;G176V;G495P;N608P,MGFYAGRIGDKKVLSLTSGNNKDVNNHTNPGWDTIFHSDMPHVVVLATHERDLWDGGDWYRCTRMPIRIIQVLSADYDRRVLTEVEFEDGTRRFIYGTSLGVGAKAYNAYFSNTAGSQASAGTMASMKTNVCASADLHMDVSFYFEETPGTINEKLRDGTGCMYTWGVNSEWGDRVPGPPVGAPIRPNFETIIKAGWVLYRGAFSGNIAGSVSPPNRPLTIGADAMRHPWMRTTGVNSICLRGETLNRNIYGHMGPRYGKGSNPVGGPYAHNIQTDSYQEVQYKAGFFRGPPNNFMGWENTDANNAGSGWGNLAIYRDNNFRVPKRVRWYITNMKYNGQGFYAENVFGSRNQPIKISPREFIVNGINLMNTGWKFINGNDINYSPGNRPDIRVIATNVARFNGDATIGNNGYTQFNQPLTRPDRSAEFGQGNTSAMHVTTVGVYNFRSDAQWYVKSNPPEIGIQWGPVWSEATRPLRLVGGTGSADIGGNLRTSPNASLHLATLWLGVNNSRNGACVVTLDWKNAEWIAAAGIGCYNPLEDLTQWSEVDSRLRIFGNNFQTRVHQIMCLPVNMCVPFHFIRGTVVQCGVIPGHNAMAMKAMWAPATTPPATQGDPAITYWLVARADGSVEVWVNVEMSNIMNMRVILPDVRIAVQRLA,Pseudomonas,Pseudomonas,0.41324298571306317,4,60
6,1,MN434096,Klebsiella,QFR57578.1,round6_cand105,T160V;P324S;L419V;N445G,MGFYAVRIGDKKVLSLTSGNNKDVNFHTVPGWDTIFHSDMPHVVVLETHERYLWDGGDWYRCTRMPDRIIQVLAADYDRVVLTEVEFEDGTRRFIYGTSLGVGAKAYNAYFSNTVGSQASAGTMASMKTNVCASADLHMDVPFYFEETPGTINEKLRDGVGCMYTWGVNSEWGDRGPGPPVGAPIRPNFETIIKAGWVLYRGAFSGNIAGSVPPPNRPLTIGADAMRHPWMRTTGVNSICLRGETLNRNIYGHMGPRYGKGPNPVGGPYAHNIQTESYQEVQYKAGFFRGPPNNFMGWENTDNNNAGSGWGNNAIYRDNNFRVSKRVRWYIANMKYNGQGFYAENVFGSRNQEISISPREFIVNGINLMNTGWKFINQNDINYSPGNRPDIRVIATNVARFNGPATIGNNGYTQFNQPVTRPDNSAEFGQGPVSAMHVTTVGVYGARSDAQWYVGSNPPEIGNQWGPVWSEATRPLRLVGGTGSADIGGNLRTSGNASHHLATLWLGVNASRNGACVVTLDWKNDEWIAAAGIGCYNPLEDLTQWSEVDSRLRIFGNNAQKRVHQIMCLPVEMCVPFHFIRGTVVQCGVIPGHNAMQMKAMWAPATTLSATQGDYAITYWLVARADGSVEVWVNVEMSNIMNMRVILPEVRIAVQRLA,Pseudomonas,Pseudomonas,0.41299428193279714,4,61
6,4,MN434096,Klebsiella,QFR57578.1,round6_cand257,H138P;R257V;S456L;M596A,MGFYAVRIGDKKVLSLTSGNNKDVNFHTVPGWDTIFHSDMPHVVVLETHERYLWDGGDWYRCTRMPDRIIQVLAADYDRVVLTEVEFEDGTRRFIYGTSLGVGAKAYNAYFSNTVGSQASAGTMASMKTNVCASADLPMDVSFYFEETPGTINEKLRDGTGAMYTWGVNSEWGDRGPGPPVGAPIRPNFETIIKAGWVLYRGAFSGNIAGSVSPPNRPLTIGADAMRHPWMRTTGVNSICLRGETLNRNIYGHMGPVYGKGSNPVGGPYAHNIQTESYQEVQYKAGFFRGPPNNFMGWENTDNNNAGSGWGNNAIYRDNNFRVPKRVRWYIANMKYNGQGFYAENVFGSRNQEISISPREFIVNGINLMNTGWKFINQNDINYSPGNRPDIRVIATNVARFNGPATIGNNGYTQFNQPLTRPDNSAEFGQGPVSAMHVTTVAVYNARSDAQWYVGLNPPEIGNQWGPVWSEATRPLRLVGGTGSADIGGNLRTSGNASHHLATLWLGVNASRNGACVVTLDWKNDEWIAAAGIGCYNPLEDLTQWSEVDSRLRIFGNNAQKRVHQIMCLPVEMCVPFHFIRGTVVQCPVIPGHGAAQMKAMWAPATTNSATQGDYAITYWLVARADGSVEVWVNVEMSNIMNMRVILPEVRIAVQRLA,Pseudomonas,Pseudomonas,0.4123387460028243,4,65
6,3,MN434096,Klebsiella,QFR57578.1,round6_cand237,D89R;E146P;Y316A;Y412V,MGFYAGRIGDKKVLSLTSGNNKDVNNHTNPGWDTIFHSDMPHVVVLATHERDLWDGGDWYRCTRMPIRIIQVLSADYDRVVLTEVEFERGTRRFIYGTSLGVGAKAYNAYFSNTAGSQASAGTMASMKTNVCASADLHMDVSFYFPETPGTINEKLRDGTGCMYTWGVNSEWGDRGPGPPVGAPIRPNFETIIKAGWVLYRGAFSGNIAGSVSPPNRPLTIGADAMRHPWMRTTGVNSICLRGETLNRNIYGHMGPRYGKGSNPVGGPYAHNIQTDSYQEVQYKAGFFRGPPNNFMGWENTDANNAGSGWGNLAIARDNNFRVPKRVRWYITNMKYNGQGFYAENVFGSRNQPIKISPREFIVNGINLMNTGWKFINGNDINYSPGNRPDIRVIATNVARFNGDATIGNNGVTQFNQPLTRPDRSAEFGQGNTSAMHVTTVGVYNFRSDAQWYVKSNPPEIGIQWGPVWSEATRPLRLVGGTGSADIGGNLRTSGNASLHLATLWLGVNNSRNGACVVTLDWKNAEWIAAAGIGCYNPLEDLTQWSEVDSRLRIFGNNFQTRVHQIMCLPVNMCVPFHFIRGTVVQCGVIPGHNAMAMKAMWAPATTNPATQGDPAITYWLVARADGSVEVWVNVEMSNIMNMRVILPDVRIAVQRLA,Pseudomonas,Pseudomonas,0.41035152195864383,4,68
6,1,MN434096,Klebsiella,QFR57578.1,round6_cand114,G290I;N345E;S349P;L569A,MGFYAVRIGDKKVLSLTSGNNKDVNFHTVPGWDTIFHSDMPHVVVLETHERYLWDGGDWYRCTRMPDRIIQVLAADYDRVVLTEVEFEDGTRRFIYGTSLGVGAKAYNAYFSNTVGSQASAGTMASMKTNVCASADLHMDVPFYFEETPGTINEKLRDGTGCMYTWGVNSEWGDRGPGPPVGAPIRPNFETIIKAGWVLYRGAFSGNIAGSVPPPNRPLTIGADAMRHPWMRTTGVNSICLRGETLNRNIYGHMGPRYGKGPNPVGGPYAHNIQTESYQEVQYKAGFFRIPPNNFMGWENTDNNNAGSGWGNNAIYRDNNFRVPKRVRWYIANMKYNGQGFYAEEVFGPRNQEISISPREFIVNGINLMNTGWKFINQNDINYSPGNRPDIRVIATNVARFNGPATIGNNGYTQFNQPLTRPDNSAEFGQGPVSAMHVTTVGVYNARSDAQWYVGSNPPEIGNQWGPVWSEATRPLRLVGGTGSADIGGNLRTSGNASHHLATLWLGVNASRNGACVVTLDWKNDEWIAAAGIGCYNPLEDLTQWSEVDSRLRIFGNNAQKRVHQIMCAPVEMCVPFHFIRGTVVQCGVIPGHNAMQMKAMWAPATTLSATQGDYAITYWLVARADGSVEVWVNVEMSNIMNMRVILPEVRIAVQRLA,Pseudomonas,Pseudomonas,0.40735313021238495,4,80
6,1,MN434096,Klebsiella,QFR57578.1,round6_cand84,Y4K;C162N;R217A;Y330S,MGFKAVRIGDKKVLSLTSGNNKDVNFHTVPGWDTIFHSDMPHVVVLETHERYLWDGGDWYRCTRMPDRIIQVLAADYDRVVLTEVEFEDGTRRFIYGTSLGVGAKAYNAYFSNTVGSQASAGTMASMKTNVCASADLHMDVPFYFEETPGTINEKLRDGTGNMYTWGVNSEWGDRGPGPPVGAPIRPNFETIIKAGWVLYRGAFSGNIAGSVPPPNAPLTIGADAMRHPWMRTTGVNSICLRGETLNRNIYGHMGPRYGKGPNPVGGPYAHNIQTESYQEVQYKAGFFRGPPNNFMGWENTDNNNAGSGWGNNAIYRDNNFRVPKRVRWSIANMKYNGQGFYAENVFGSRNQEISISPREFIVNGINLMNTGWKFINQNDINYSPGNRPDIRVIATNVARFNGPATIGNNGYTQFNQPLTRPDNSAEFGQGPVSAMHVTTVGVYNARSDAQWYVGSNPPEIGNQWGPVWSEATRPLRLVGGTGSADIGGNLRTSGNASHHLATLWLGVNASRNGACVVTLDWKNDEWIAAAGIGCYNPLEDLTQWSEVDSRLRIFGNNAQKRVHQIMCLPVEMCVPFHFIRGTVVQCGVIPGHNAMQMKAMWAPATTLSATQGDYAITYWLVARADGSVEVWVNVEMSNIMNMRVILPEVRIAVQRLA,Pseudomonas,Pseudomonas,0.40650659083410223,4,85
6,1,MN434096,Klebsiella,QFR57578.1,round6_cand127,K22I;G222A;Q451A;P458D,MGFYAVRIGDKKVLSLTSGNNIDVNFHTVPGWDTIFHSDMPHVVVLETHERYLWDGGDWYRCTRMPDRIIQVLAADYDRVVLTEVEFEDGTRRFIYGTSLGVGAKAYNAYFSNTVGSQASAGTMASMKTNVCASADLHMDVPFYFEETPGTINEKLRDGTGCMYTWGVNSEWGDRGPGPPVGAPIRPNFETIIKAGWVLYRGAFSGNIAGSVPPPNRPLTIAADAMRHPWMRTTGVNSICLRGETLNRNIYGHMGPRYGKGPNPVGGPYAHNIQTESYQEVQYKAGFFRGPPNNFMGWENTDNNNAGSGWGNNAIYRDNNFRVPKRVRWYIANMKYNGQGFYAENVFGSRNQEISISPREFIVNGINLMNTGWKFINQNDINYSPGNRPDIRVIATNVARFNGPATIGNNGYTQFNQPLTRPDNSAEFGQGPVSAMHVTTVGVYNARSDAAWYVGSNDPEIGNQWGPVWSEATRPLRLVGGTGSADIGGNLRTSGNASHHLATLWLGVNASRNGACVVTLDWKNDEWIAAAGIGCYNPLEDLTQWSEVDSRLRIFGNNAQKRVHQIMCLPVEMCVPFHFIRGTVVQCGVIPGHNAMQMKAMWAPATTLSATQGDYAITYWLVARADGSVEVWVNVEMSNIMNMRVILPEVRIAVQRLA,Pseudomonas,Pseudomonas,0.40188770011847097,4,100
6,2,MN434096,Klebsiella,QFR57578.1,round6_cand184,D67G;R192G;P264N;N387S,MGFYAVRIGDKKVLSLTSGNNKDVNNHTNPGWDTIFHSDMPHVVVLETHERYLWDGGDWYRCTRMPGRIIQVLSADYDRVVLTEVEFEDGTRRFIYGTSLGVGAKAYNAYFSNTVGSQASAGTMASMKTNVCASADLHMDVSFYFEETPGTINEKLRDGTGCMYTWGVNSEWGDRGPGPPVGAPIRPNFETGIKAGWVLYRGAFSGNIAGSVSPPNRPLTIGADAMRHPWMRTTGVNSICLRGETLNRNIYGHMGPRYGKGSNNVGGPYAHNIQTESYQEVQYKAGFFRGPPNNFMGWENTDNNNAGSGWGNNAIYRDNNFRVPARVRWYIANMKYNGQGFYAENVFGSRNQEISISPREFIVNGINLMNTGWKFINQNDINYSPGSRPDIRVIATNVARFNGPATIGNNGYTQFNAPLTRPDNVAEFGQGPVSAMHVTTVGVYNFRSDAQWYVGSNPPEIGNQWGPVWSEATRPLRLVGGTGSADIGGNLRISVNASHHLATLWLGVNASRNGACVVTLDWKNDEWIAAAGIGCYNPLEDLTQWSEVDSRLRIFGNNAQKRVHQIACLPVEMCVPFHFIRGTVVQCGVIPGHNAMQMKAMWAPATTNSATQGDYAITYWLVARADGSVEVWVNVEMSNIMNMRVILPEVRIAVQRLA,Pseudomonas,Pseudomonas,0.4016142371176558,4,102
6,2,MN434096,Klebsiella,QFR57578.1,round6_cand183,T83S;G97A;E171D;G514S,MGFYAVRIGDKKVLSLTSGNNKDVNNHTNPGWDTIFHSDMPHVVVLETHERYLWDGGDWYRCTRMPDRIIQVLSADYDRVVLSEVEFEDGTRRFIYATSLGVGAKAYNAYFSNTVGSQASAGTMASMKTNVCASADLHMDVSFYFEETPGTINEKLRDGTGCMYTWGVNSDWGDRGPGPPVGAPIRPNFETRIKAGWVLYRGAFSGNIAGSVSPPNRPLTIGADAMRHPWMRTTGVNSICLRGETLNRNIYGHMGPRYGKGSNPVGGPYAHNIQTESYQEVQYKAGFFRGPPNNFMGWENTDNNNAGSGWGNNAIYRDNNFRVPARVRWYIANMKYNGQGFYAENVFGSRNQEISISPREFIVNGINLMNTGWKFINQNDINYSPGNRPDIRVIATNVARFNGPATIGNNGYTQFNAPLTRPDNVAEFGQGPVSAMHVTTVGVYNFRSDAQWYVGSNPPEIGNQWGPVWSEATRPLRLVGGTGSADIGGNLRISVNASHHLATLWLGVNASRNSACVVTLDWKNDEWIAAAGIGCYNPLEDLTQWSEVDSRLRIFGNNAQKRVHQIACLPVEMCVPFHFIRGTVVQCGVIPGHNAMQMKAMWAPATTNSATQGDYAITYWLVARADGSVEVWVNVEMSNIMNMRVILPEVRIAVQRLA,Pseudomonas,Pseudomonas,0.40134268965086933,4,104
6,6,MN434096,Klebsiella,QFR57578.1,round6_cand440,P66R;Y258L;F321V;E471D,MGFYAGRIGDKKVLSLTSGNNKDVNNHTNPGWDTIFHSDMPHVVVLETHERDLWDGGDWVRCTRMRIRIIQVLSADYGRVVLTEVEFEDGTRRFIYGTSLGVGAKAYNAYFSNTVGSQASAGTMAIMKTNVCASADLHMDVSFYFEETPGTINEKLRDGTGCMYTWGVNSEWGDRGPGPPVGAPIRPNFETIIKAGWSLYRGAFSGNIAGSVSPPNRPLTIGADAMRHPWMRTTGVNSICLRGETLNRNIYGHMGPRLGKGSAPVGGPYAHNIQTESYQEVQYKAGFFRGPPNNFMGWENTDNNNAGSGWGNLAIYRDNNVRVPKRVRWYITNMKYNGQGFYAENVFGSRNQPIKISPREFIVNGINLMNTGWKFINQNDINYSPGNRPDIRVIATNVARFNGDATIGNNGYTQFNQPLTRPDRSAEFGQGNTSAMHVTTVGVYNFRSDAQWYVKSNPPAIGIQWGPVWSDATRPLRLVGGTGSADIGGNLRTSGNASLHLATLWLGVNNSRNGACVVTLDWKNAEWIAAAGIGCYNPLEDLTQWSEVDSRLRIFGNNFQKRVHQIMCLPVNMCVPFHFIRGTVVQCVVIPGHNAMQMKAMWAPATTNSATQGDPAITYWLVARQDGSVEVWVNVEMSNIMNMRVILPDVRIAVQRLA,Pseudomonas,Pseudomonas,0.3984256593669931,4,112
6,4,MN434096,Klebsiella,QFR57578.1,round6_cand311,S308I;V398N;N463L;A625N,MGFYAVRIGDKKVLSLTSGNNKDVNFHTVPGWDTIFHSDMPHVVVLETHERYLWDGGDWYRCTRMPDRIIQVLAADYDRVVLTEVEFEDGTRRFIYGTSLGVGAKAYNAYFSNTVGSQASAGTMASMKTNVCASADLHMDVSFYFEETPGTINEKLRDGTGAMYTWGVNSEWGDRGPGPPVGAPIRPNFETIIKAGWVLYRGAFSGNIAGSVSPPNRPLTIGADAMRHPWMRTTGVNSICLRGETLNRNIYGHMGPRYGKGSNPVGGPYAHNIQTESYQEVQYKAGFFRGPPNNFMGWENTDNNNAGIGWGNNAIYRDNNFRVPKRVRWYIANMKYNGQGFYAENVFGSRNQEISISPREFIVNGINLMNTGWKFINQNDINYSPGNRPDIRVIATNNARFNGPATIGNNGYTQFNQPLTRPDNSAEFGQGPVSAMHVTTVAVYNARSDAQWYVGSNPPEIGLQWGPVWSEATRPLRLVGGTGSADIGGNLRTSGNASHHLATLWLGVNASRNGACVVTLDWKNDEWIAAAGIGCYNPLEDLTQWSEVDSRLRIFGNNAQKRVHQIMCLPVEMCVPFHFIRGTVVQCPVIPGHGAMQMKAMWAPATTNSATQGDYAITYWLVARNDGSVEVWVNVEMSNIMNMRVILPEVRIAVQRLA,Pseudomonas,Pseudomonas,0.39578290104410524,4,122
6,2,MN434096,Klebsiella,QFR57578.1,round6_cand162,G122T;Y330A;V398G;K599Q,MGFYAVRIGDKKVLSLTSGNNKDVNNHTNPGWDTIFHSDMPHVVVLETHERYLWDGGDWYRCTRMPDRIIQVLSADYDRVVLTEVEFEDGTRRFIYGTSLGVGAKAYNAYFSNTVGSQASATTMASMKTNVCASADLHMDVSFYFEETPGTINEKLRDGTGCMYTWGVNSEWGDRGPGPPVGAPIRPNFETRIKAGWVLYRGAFSGNIAGSVSPPNRPLTIGADAMRHPWMRTTGVNSICLRGETLNRNIYGHMGPRYGKGSNPVGGPYAHNIQTESYQEVQYKAGFFRGPPNNFMGWENTDNNNAGSGWGNNAIYRDNNFRVPARVRWAIANMKYNGQGFYAENVFGSRNQEISISPREFIVNGINLMNTGWKFINQNDINYSPGNRPDIRVIATNGARFNGPATIGNNGYTQFNAPLTRPDNVAEFGQGPVSAMHVTTVGVYNFRSDAQWYVGSNPPEIGNQWGPVWSEATRPLRLVGGTGSADIGGNLRISVNASHHLATLWLGVNASRNGACVVTLDWKNDEWIAAAGIGCYNPLEDLTQWSEVDSRLRIFGNNAQKRVHQIACLPVEMCVPFHFIRGTVVQCGVIPGHNAMQMQAMWAPATTNSATQGDYAITYWLVARADGSVEVWVNVEMSNIMNMRVILPEVRIAVQRLA,Pseudomonas,Pseudomonas,0.3947077715650534,4,125
6,1,MN434096,Klebsiella,QFR57578.1,round6_cand123,R227L;V443R;E460G;H499S,MGFYAVRIGDKKVLSLTSGNNKDVNFHTVPGWDTIFHSDMPHVVVLETHERYLWDGGDWYRCTRMPDRIIQVLAADYDRVVLTEVEFEDGTRRFIYGTSLGVGAKAYNAYFSNTVGSQASAGTMASMKTNVCASADLHMDVPFYFEETPGTINEKLRDGTGCMYTWGVNSEWGDRGPGPPVGAPIRPNFETIIKAGWVLYRGAFSGNIAGSVPPPNRPLTIGADAMLHPWMRTTGVNSICLRGETLNRNIYGHMGPRYGKGPNPVGGPYAHNIQTESYQEVQYKAGFFRGPPNNFMGWENTDNNNAGSGWGNNAIYRDNNFRVPKRVRWYIANMKYNGQGFYAENVFGSRNQEISISPREFIVNGINLMNTGWKFINQNDINYSPGNRPDIRVIATNVARFNGPATIGNNGYTQFNQPLTRPDNSAEFGQGPVSAMHVTTVGRYNARSDAQWYVGSNPPGIGNQWGPVWSEATRPLRLVGGTGSADIGGNLRTSGNASSHLATLWLGVNASRNGACVVTLDWKNDEWIAAAGIGCYNPLEDLTQWSEVDSRLRIFGNNAQKRVHQIMCLPVEMCVPFHFIRGTVVQCGVIPGHNAMQMKAMWAPATTLSATQGDYAITYWLVARADGSVEVWVNVEMSNIMNMRVILPEVRIAVQRLA,Pseudomonas,Pseudomonas,0.39342168149500995,4,135
6,3,MN434096,Klebsiella,QFR57578.1,round6_cand215,N113V;N207P;R447T;V635A,MGFYAGRIGDKKVLSLTSGNNKDVNNHTNPGWDTIFHSDMPHVVVLATHERDLWDGGDWYRCTRMPIRIIQVLSADYDRVVLTEVEFEDGTRRFIYGTSLGVGAKAYNAYFSVTAGSQASAGTMASMKTNVCASADLHMDVSFYFEETPGTINEKLRDGTGCMYTWGVNSEWGDRGPGPPVGAPIRPNFETIIKAGWVLYRGAFSGPIAGSVSPPNRPLTIGADAMRHPWMRTTGVNSICLRGETLNRNIYGHMGPRYGKGSNPVGGPYAHNIQTDSYQEVQYKAGFFRGPPNNFMGWENTDANNAGSGWGNLAIYRDNNFRVPKRVRWYITNMKYNGQGFYAENVFGSRNQPIKISPREFIVNGINLMNTGWKFINGNDINYSPGNRPDIRVIATNVARFNGDATIGNNGYTQFNQPLTRPDRSAEFGQGNTSAMHVTTVGVYNFTSDAQWYVKSNPPEIGIQWGPVWSEATRPLRLVGGTGSADIGGNLRTSGNASLHLATLWLGVNNSRNGACVVTLDWKNAEWIAAAGIGCYNPLEDLTQWSEVDSRLRIFGNNFQTRVHQIMCLPVNMCVPFHFIRGTVVQCGVIPGHNAMAMKAMWAPATTNPATQGDPAITYWLVARADGSVEVWVNAEMSNIMNMRVILPDVRIAVQRLA,Pseudomonas,Pseudomonas,0.39232120982550345,4,143
6,7,MN434096,Klebsiella,QFR57578.1,round6_cand465,I69E;N113A;N305P;V584K,MGFYAVRIGDKKVLSLVSGNNKDVNFHTVPGWDTIFHSDMPHVVVLETHERYLWDGGDWYRCTRMPDREIQVLAADYDRVVLTEVEFEDGTRRFIYGTSLGVGAKAYNAYFSATVGSQASAGTMASMKTNVCASADLHMDVSFYFEETPGTINEKLRDGTGCMYTWGVNSEWGDRGPGPPVGAPIRPNFETIIKAGWVLYRGAFSGNIAGSVSPPNRPLTIGADAMRHPWMRTTGVNSICLRGETLNRNIYGFMGPRYGKGSNPVGGPYAHNIQTESYQEVQYKAGFFRGPPNNFMGWENTDNNPAGSGWGNNAIYRDNNFRVPKRVRWYIANMKYNGQGFYAENVFGSRNQEISISPREFIVNGINLMNTGWKFINQNDINYSPGNRPDIRVIATNQARFNGPATIGNNGYTQFNQPLTRPDNSAEFGQGPVSAMHVTTVGVYNARSDAQWYVGSNPPEIGNQWGPVWSEATRPLRLVGGTGSADIGGNLRTSGNASHHLATLWLGVNASRNGACVLTLDWKNDEWIAAAGIGCYNPLEDLTQWSEVDSRLRIFGNNAQKRVHQIMCLPVEMCVPFHFIRGTKVQCGVIPGHNAMQMKAMWAPATTNSATQGDYAITYWLVARADGSVEVWVNVEMSNIMNMRVILPEVRIAVQRLA,Pseudomonas,Pseudomonas,0.3872622825529817,4,168
6,9,MN434096,Klebsiella,QFR57578.1,round6_cand581,K11I;H49V;D404T;L621A,MGFYAGRIGDIKVLSLTSGNNKDVNNHTNPGWDTIFHSDMPHVVVLETVERDLWDGGDWYRCTRMPIRIIQVLSADYDRVVLTEVEFEDGTRRFIYGTSLGVGAKAYNAYFSNTVGSQASAGTMASMKTNVCASADLHMDVSFYFEETPGTINEKLRDGTGCMYTWGVNSEWGDRGPGPPVGAPIRPNFETIIKAGWVLYRGAFSGNIAGSVSPPNRPLTIGADAMRHPWMRTTGVNSICLRGETLNRNIYGHMGPRIGKGSNPVGGPYAHNIQTESYQEVQYKAGFFRGPPNNFMGWENTDANNAGSGWGNLAIYRDNNFRVPKRVRWYITNMKYNGQGFYAENVFGSRNQPIKISPREFIVNGINLMNTGWKFINGNDINYSPGNRPDIRVIATNVGRFNGTATIGNPGYTQFNQPLTRPDRSAEFGQGNTSAMHNTTVGVYNFRSDAQWYVKSNPPEIGIQWGPVWSEATRPLRLVGGTGSADIGGNLRTSGNASLHLATLWLGVNNSRNGACVVTLDWKNAEWIAAAGIGCYNPLEDLTQWSEVDSRLRIFGNNFQTRVHQIMCLPVNMCVPFHFIRGTVVQCGVIPGHNAMAMKAMWAPATTNSATQGDPAITYWAVARADGSVEVWVNVEMSNIMNMRVILPDVRIAVQRLA,Pseudomonas,Pseudomonas,0.38594549732663935,4,172
6,7,MN434096,Klebsiella,QFR57578.1,round6_cand491,N293G;N345E;T493A;V517R,MGFYAVRIGDKKVLSLVSGNNKDVNFHTVPGWDTIFHSDMPHVVVLETHERYLWDGGDWYRCTRMPDRIIQVLAADYDRVVLTEVEFEDGTRRFIYGTSLGVGAKAYNAYFSNTVGSQASAGTMASMKTNVCASADLHMDVSFYFEETPGTINEKLRDGTGCMYTWGVNSEWGDRGPGPPVGAPIRPNFETIIKAGWVLYRGAFSGNIAGSVSPPNRPLTIGADAMRHPWMRTTGVNSICLRGETLNRNIYGFMGPRYGKGSNPVGGPYAHNIQTESYQEVQYKAGFFRGPPGNFMGWENTDNNNAGSGWGNNAIYRDNNFRVPKRVRWYIANMKYNGQGFYAEEVFGSRNQEISISPREFIVNGINLMNTGWKFINQNDINYSPGNRPDIRVIATNQARFNGPATIGNNGYTQFNQPLTRPDNSAEFGQGPVSAMHVTTVGVYNARSDAQWYVGSNPPEIGNQWGPVWSEATRPLRLVGGTGSADIGGNLRASGNASHHLATLWLGVNASRNGACRLTLDWKNDEWIAAAGIGCYNPLEDLTQWSEVDSRLRIFGNNAQKRVHQIMCLPVEMCVPFHFIRGTVVQCGVIPGHNAMQMKAMWAPATTNSATQGDYAITYWLVARADGSVEVWVNVEMSNIMNMRVILPEVRIAVQRLA,Pseudomonas,Pseudomonas,0.3855042469649577,4,174
5,1,MN434096,Klebsiella,QFR57578.1,round5_cand102,M296V;K374I;Y444G;E572T,MGFYAVRIGDKKVLSLTSGNNKDVNNHTNPGWDTIFHSDMPHVVVLETHERYLWDGGDWYRCTRMPDRIIQVLSADYDRVVLTEVEFEDGTRRFIYGTSLGVGAKAYNAYFSNTVGSQASAGTMASMKTNVCASADLHMDVSFYFEETPGTINEKLRDGTGCMYTWGVNSEWGDRGPGPPVGAPIRPNFETIIKAGWVLYRGAFSGNIAGSVSPPNRPLTIGADAMRHPWMRTTGVNSICLRGETLNRNIYGHMGPRYGKGSNPVGGPYAHNIQTESYQEVQYKAGFFRGPPNNFVGWENTDNNNAGSGWGNNAIYRDNNFRVPARVRWYIANMKYNGQGFYAENVFGSRNQEISISPREFIVNGINLMNTGWIFINQNDINYSPGNRPDIRVIATNVARFNGPATIGNNGYTQFNAPLTRPDNSAEFGQGPVSAMHVTTVGVGNFRSDAQWYVGSNPPEIGNQWGPVWSEATRPLRLVGGTGSADIGGNLRTSVNASHHLATLWLGVNASRNGACVVTLDWKNDEWIAAAGIGCYNPLEDLTQWSEVDSRLRIFGNNAQKRVHQIACLPVTMCVPFHFIRGTVVQCGVIPGHNAMQMKAMWAPATTNSATQGDYAITYWLVARADGSVEVWVNVEMSNIMNMRVILPEVRIAVQRLA,Pseudomonas,Pseudomonas,0.3854471421724432,4,4
6,3,MN434096,Klebsiella,QFR57578.1,round6_cand240,V236E;T245A;S277V;L569V,MGFYAGRIGDKKVLSLTSGNNKDVNNHTNPGWDTIFHSDMPHVVVLATHERDLWDGGDWYRCTRMPIRIIQVLSADYDRVVLTEVEFEDGTRRFIYGTSLGVGAKAYNAYFSNTAGSQASAGTMASMKTNVCASADLHMDVSFYFEETPGTINEKLRDGTGCMYTWGVNSEWGDRGPGPPVGAPIRPNFETIIKAGWVLYRGAFSGNIAGSVSPPNRPLTIGADAMRHPWMRTTGENSICLRGEALNRNIYGHMGPRYGKGSNPVGGPYAHNIQTDVYQEVQYKAGFFRGPPNNFMGWENTDANNAGSGWGNLAIYRDNNFRVPKRVRWYITNMKYNGQGFYAENVFGSRNQPIKISPREFIVNGINLMNTGWKFINGNDINYSPGNRPDIRVIATNVARFNGDATIGNNGYTQFNQPLTRPDRSAEFGQGNTSAMHVTTVGVYNFRSDAQWYVKSNPPEIGIQWGPVWSEATRPLRLVGGTGSADIGGNLRTSGNASLHLATLWLGVNNSRNGACVVTLDWKNAEWIAAAGIGCYNPLEDLTQWSEVDSRLRIFGNNFQTRVHQIMCVPVNMCVPFHFIRGTVVQCGVIPGHNAMAMKAMWAPATTNPATQGDPAITYWLVARADGSVEVWVNVEMSNIMNMRVILPDVRIAVQRLA,Pseudomonas,Pseudomonas,0.38533502773219863,4,176
6,4,MN434096,Klebsiella,QFR57578.1,round6_cand284,N108T;Y336D;I354F;V575G,MGFYAVRIGDKKVLSLTSGNNKDVNFHTVPGWDTIFHSDMPHVVVLETHERYLWDGGDWYRCTRMPDRIIQVLAADYDRVVLTEVEFEDGTRRFIYGTSLGVGAKAYTAYFSNTVGSQASAGTMASMKTNVCASADLHMDVSFYFEETPGTINEKLRDGTGAMYTWGVNSEWGDRGPGPPVGAPIRPNFETIIKAGWVLYRGAFSGNIAGSVSPPNRPLTIGADAMRHPWMRTTGVNSICLRGETLNRNIYGHMGPRYGKGSNPVGGPYAHNIQTESYQEVQYKAGFFRGPPNNFMGWENTDNNNAGSGWGNNAIYRDNNFRVPKRVRWYIANMKDNGQGFYAENVFGSRNQEFSISPREFIVNGINLMNTGWKFINQNDINYSPGNRPDIRVIATNVARFNGPATIGNNGYTQFNQPLTRPDNSAEFGQGPVSAMHVTTVAVYNARSDAQWYVGSNPPEIGNQWGPVWSEATRPLRLVGGTGSADIGGNLRTSGNASHHLATLWLGVNASRNGACVVTLDWKNDEWIAAAGIGCYNPLEDLTQWSEVDSRLRIFGNNAQKRVHQIMCLPVEMCGPFHFIRGTVVQCPVIPGHGAMQMKAMWAPATTNSATQGDYAITYWLVARADGSVEVWVNVEMSNIMNMRVILPEVRIAVQRLA,Pseudomonas,Pseudomonas,0.3845367453168074,4,180
6,7,MN434096,Klebsiella,QFR57578.1,round6_cand492,G19E;N303A;M567L;I640V,MGFYAVRIGDKKVLSLVSENNKDVNFHTVPGWDTIFHSDMPHVVVLETHERYLWDGGDWYRCTRMPDRIIQVLAADYDRVVLTEVEFEDGTRRFIYGTSLGVGAKAYNAYFSNTVGSQASAGTMASMKTNVCASADLHMDVSFYFEETPGTINEKLRDGTGCMYTWGVNSEWGDRGPGPPVGAPIRPNFETIIKAGWVLYRGAFSGNIAGSVSPPNRPLTIGADAMRHPWMRTTGVNSICLRGETLNRNIYGFMGPRYGKGSNPVGGPYAHNIQTESYQEVQYKAGFFRGPPNNFMGWENTDANNAGSGWGNNAIYRDNNFRVPKRVRWYIANMKYNGQGFYAENVFGSRNQEISISPREFIVNGINLMNTGWKFINQNDINYSPGNRPDIRVIATNQARFNGPATIGNNGYTQFNQPLTRPDNSAEFGQGPVSAMHVTTVGVYNARSDAQWYVGSNPPEIGNQWGPVWSEATRPLRLVGGTGSADIGGNLRTSGNASHHLATLWLGVNASRNGACVLTLDWKNDEWIAAAGIGCYNPLEDLTQWSEVDSRLRIFGNNAQKRVHQILCLPVEMCVPFHFIRGTVVQCGVIPGHNAMQMKAMWAPATTNSATQGDYAITYWLVARADGSVEVWVNVEMSNVMNMRVILPEVRIAVQRLA,Pseudomonas,Pseudomonas,0.3842623531217061,4,184
6,4,MN434096,Klebsiella,QFR57578.1,round6_cand288,V236D;D614N;Y615L;V629W,MGFYAVRIGDKKVLSLTSGNNKDVNFHTVPGWDTIFHSDMPHVVVLETHERYLWDGGDWYRCTRMPDRIIQVLAADYDRVVLTEVEFEDGTRRFIYGTSLGVGAKAYNAYFSNTVGSQASAGTMASMKTNVCASADLHMDVSFYFEETPGTINEKLRDGTGAMYTWGVNSEWGDRGPGPPVGAPIRPNFETIIKAGWVLYRGAFSGNIAGSVSPPNRPLTIGADAMRHPWMRTTGDNSICLRGETLNRNIYGHMGPRYGKGSNPVGGPYAHNIQTESYQEVQYKAGFFRGPPNNFMGWENTDNNNAGSGWGNNAIYRDNNFRVPKRVRWYIANMKYNGQGFYAENVFGSRNQEISISPREFIVNGINLMNTGWKFINQNDINYSPGNRPDIRVIATNVARFNGPATIGNNGYTQFNQPLTRPDNSAEFGQGPVSAMHVTTVAVYNARSDAQWYVGSNPPEIGNQWGPVWSEATRPLRLVGGTGSADIGGNLRTSGNASHHLATLWLGVNASRNGACVVTLDWKNDEWIAAAGIGCYNPLEDLTQWSEVDSRLRIFGNNAQKRVHQIMCLPVEMCVPFHFIRGTVVQCPVIPGHGAMQMKAMWAPATTNSATQGNLAITYWLVARADGSWEVWVNVEMSNIMNMRVILPEVRIAVQRLA,Pseudomonas,Pseudomonas,0.3815999824442605,4,200
6,4,MN434096,Klebsiella,QFR57578.1,round6_cand302,D423L;W469A;H593V;N608G,MGFYAVRIGDKKVLSLTSGNNKDVNFHTVPGWDTIFHSDMPHVVVLETHERYLWDGGDWYRCTRMPDRIIQVLAADYDRVVLTEVEFEDGTRRFIYGTSLGVGAKAYNAYFSNTVGSQASAGTMASMKTNVCASADLHMDVSFYFEETPGTINEKLRDGTGAMYTWGVNSEWGDRGPGPPVGAPIRPNFETIIKAGWVLYRGAFSGNIAGSVSPPNRPLTIGADAMRHPWMRTTGVNSICLRGETLNRNIYGHMGPRYGKGSNPVGGPYAHNIQTESYQEVQYKAGFFRGPPNNFMGWENTDNNNAGSGWGNNAIYRDNNFRVPKRVRWYIANMKYNGQGFYAENVFGSRNQEISISPREFIVNGINLMNTGWKFINQNDINYSPGNRPDIRVIATNVARFNGPATIGNNGYTQFNQPLTRPLNSAEFGQGPVSAMHVTTVAVYNARSDAQWYVGSNPPEIGNQWGPVASEATRPLRLVGGTGSADIGGNLRTSGNASHHLATLWLGVNASRNGACVVTLDWKNDEWIAAAGIGCYNPLEDLTQWSEVDSRLRIFGNNAQKRVHQIMCLPVEMCVPFHFIRGTVVQCPVIPGVGAMQMKAMWAPATTGSATQGDYAITYWLVARADGSVEVWVNVEMSNIMNMRVILPEVRIAVQRLA,Pseudomonas,Pseudomonas,0.3803026537308335,4,205
6,4,MN434096,Klebsiella,QFR57578.1,round6_cand305,K128V;V281A;G488S;K523R,MGFYAVRIGDKKVLSLTSGNNKDVNFHTVPGWDTIFHSDMPHVVVLETHERYLWDGGDWYRCTRMPDRIIQVLAADYDRVVLTEVEFEDGTRRFIYGTSLGVGAKAYNAYFSNTVGSQASAGTMASMVTNVCASADLHMDVSFYFEETPGTINEKLRDGTGAMYTWGVNSEWGDRGPGPPVGAPIRPNFETIIKAGWVLYRGAFSGNIAGSVSPPNRPLTIGADAMRHPWMRTTGVNSICLRGETLNRNIYGHMGPRYGKGSNPVGGPYAHNIQTESYQEAQYKAGFFRGPPNNFMGWENTDNNNAGSGWGNNAIYRDNNFRVPKRVRWYIANMKYNGQGFYAENVFGSRNQEISISPREFIVNGINLMNTGWKFINQNDINYSPGNRPDIRVIATNVARFNGPATIGNNGYTQFNQPLTRPDNSAEFGQGPVSAMHVTTVAVYNARSDAQWYVGSNPPEIGNQWGPVWSEATRPLRLVGGTGSADISGNLRTSGNASHHLATLWLGVNASRNGACVVTLDWRNDEWIAAAGIGCYNPLEDLTQWSEVDSRLRIFGNNAQKRVHQIMCLPVEMCVPFHFIRGTVVQCPVIPGHGAMQMKAMWAPATTNSATQGDYAITYWLVARADGSVEVWVNVEMSNIMNMRVILPEVRIAVQRLA,Pseudomonas,Pseudomonas,0.37945433247875454,4,209
6,8,MN434096,Klebsiella,QFR57578.1,round6_cand547,P229V;R248P;Q352G;M369A,MGFYAVRIGDKKVLSLTSGNVKDVNFHTVPGWDTIFHSDMPHVVVLETHERYLWDGGDWYRCTRMPDRIIQVLAADYDRVVLTEVEFEDGTRRFIYGTSLGVSAKAYNAYFSNTVGSQLSAGTMASMKTNVCASADLHMDVSFYFEETPGTINEKLRDGTGCMYTWGVNSEWGDRGPGPPVGAPIRPNFETIIKAGWVLYRGAFSGNIAGSVSPPNRPLTIGADAMRHVWMRTTGVNSICLRGETLNPNIYGHMGPRYGKGSNPVGGPYAHNIQTESYQEVQYKAGFFRGPPNNFMGWENTDNNNAGSGWGNNAIYRDNNFRVPKRVRWYIANMKYNGQGFYAENVFGSRNGEISISPREFIVNGINLANTGWKFINQNDINYSPGNRPDIRVIATNVARFNGPATIGNNGYTQFNQPLTRPDNSAEFGQGPVSAMHVTTVGVYNARSDAQWYVGSNPPEIGNQWGPVWSEATRPLRLVGGTGSADIGGNLRTSGNASHHLATLWLGVNASRNGACVVTLDWKNDEWIAAAGIGCYNPLEDLTQWSEVDSRLRIFGNNAQKRVHQIMCLPVEMCVPFHFIRGTVVQCGVIPGHNAMQMKAMWAPATTNSATQGDYAITYWLVARADGSVEVWVNVEMSNIMNMRVILPEVRIALQRLA,Pseudomonas,Pseudomonas,0.3781275996068737,4,212
6,4,MN434096,Klebsiella,QFR57578.1,round6_cand317,Y278T;Y536N;T543I;A559L,MGFYAVRIGDKKVLSLTSGNNKDVNFHTVPGWDTIFHSDMPHVVVLETHERYLWDGGDWYRCTRMPDRIIQVLAADYDRVVLTEVEFEDGTRRFIYGTSLGVGAKAYNAYFSNTVGSQASAGTMASMKTNVCASADLHMDVSFYFEETPGTINEKLRDGTGAMYTWGVNSEWGDRGPGPPVGAPIRPNFETIIKAGWVLYRGAFSGNIAGSVSPPNRPLTIGADAMRHPWMRTTGVNSICLRGETLNRNIYGHMGPRYGKGSNPVGGPYAHNIQTESTQEVQYKAGFFRGPPNNFMGWENTDNNNAGSGWGNNAIYRDNNFRVPKRVRWYIANMKYNGQGFYAENVFGSRNQEISISPREFIVNGINLMNTGWKFINQNDINYSPGNRPDIRVIATNVARFNGPATIGNNGYTQFNQPLTRPDNSAEFGQGPVSAMHVTTVAVYNARSDAQWYVGSNPPEIGNQWGPVWSEATRPLRLVGGTGSADIGGNLRTSGNASHHLATLWLGVNASRNGACVVTLDWKNDEWIAAAGIGCNNPLEDLIQWSEVDSRLRIFGNNLQKRVHQIMCLPVEMCVPFHFIRGTVVQCPVIPGHGAMQMKAMWAPATTNSATQGDYAITYWLVARADGSVEVWVNVEMSNIMNMRVILPEVRIAVQRLA,Pseudomonas,Pseudomonas,0.3775514787745841,4,215
6,2,MN434096,Klebsiella,QFR57578.1,round6_cand160,D33T;D55I;P149A;R201G,MGFYAVRIGDKKVLSLTSGNNKDVNNHTNPGWTTIFHSDMPHVVVLETHERYLWIGGDWYRCTRMPDRIIQVLSADYDRVVLTEVEFEDGTRRFIYGTSLGVGAKAYNAYFSNTVGSQASAGTMASMKTNVCASADLHMDVSFYFEETAGTINEKLRDGTGCMYTWGVNSEWGDRGPGPPVGAPIRPNFETRIKAGWVLYGGAFSGNIAGSVSPPNRPLTIGADAMRHPWMRTTGVNSICLRGETLNRNIYGHMGPRYGKGSNPVGGPYAHNIQTESYQEVQYKAGFFRGPPNNFMGWENTDNNNAGSGWGNNAIYRDNNFRVPARVRWYIANMKYNGQGFYAENVFGSRNQEISISPREFIVNGINLMNTGWKFINQNDINYSPGNRPDIRVIATNVARFNGPATIGNNGYTQFNAPLTRPDNVAEFGQGPVSAMHVTTVGVYNFRSDAQWYVGSNPPEIGNQWGPVWSEATRPLRLVGGTGSADIGGNLRISVNASHHLATLWLGVNASRNGACVVTLDWKNDEWIAAAGIGCYNPLEDLTQWSEVDSRLRIFGNNAQKRVHQIACLPVEMCVPFHFIRGTVVQCGVIPGHNAMQMKAMWAPATTNSATQGDYAITYWLVARADGSVEVWVNVEMSNIMNMRVILPEVRIAVQRLA,Pseudomonas,Pseudomonas,0.37520670232092407,4,224
6,4,MN434096,Klebsiella,QFR57578.1,round6_cand268,G309I;R350V;L569T;C587A,MGFYAVRIGDKKVLSLTSGNNKDVNFHTVPGWDTIFHSDMPHVVVLETHERYLWDGGDWYRCTRMPDRIIQVLAADYDRVVLTEVEFEDGTRRFIYGTSLGVGAKAYNAYFSNTVGSQASAGTMASMKTNVCASADLHMDVSFYFEETPGTINEKLRDGTGAMYTWGVNSEWGDRGPGPPVGAPIRPNFETIIKAGWVLYRGAFSGNIAGSVSPPNRPLTIGADAMRHPWMRTTGVNSICLRGETLNRNIYGHMGPRYGKGSNPVGGPYAHNIQTESYQEVQYKAGFFRGPPNNFMGWENTDNNNAGSIWGNNAIYRDNNFRVPKRVRWYIANMKYNGQGFYAENVFGSVNQEISISPREFIVNGINLMNTGWKFINQNDINYSPGNRPDIRVIATNVARFNGPATIGNNGYTQFNQPLTRPDNSAEFGQGPVSAMHVTTVAVYNARSDAQWYVGSNPPEIGNQWGPVWSEATRPLRLVGGTGSADIGGNLRTSGNASHHLATLWLGVNASRNGACVVTLDWKNDEWIAAAGIGCYNPLEDLTQWSEVDSRLRIFGNNAQKRVHQIMCTPVEMCVPFHFIRGTVVQAPVIPGHGAMQMKAMWAPATTNSATQGDYAITYWLVARADGSVEVWVNVEMSNIMNMRVILPEVRIAVQRLA,Pseudomonas,Pseudomonas,0.3749586447749811,4,226
6,4,MN434096,Klebsiella,QFR57578.1,round6_cand280,N237P;N319A;F415W;E547G,MGFYAVRIGDKKVLSLTSGNNKDVNFHTVPGWDTIFHSDMPHVVVLETHERYLWDGGDWYRCTRMPDRIIQVLAADYDRVVLTEVEFEDGTRRFIYGTSLGVGAKAYNAYFSNTVGSQASAGTMASMKTNVCASADLHMDVSFYFEETPGTINEKLRDGTGAMYTWGVNSEWGDRGPGPPVGAPIRPNFETIIKAGWVLYRGAFSGNIAGSVSPPNRPLTIGADAMRHPWMRTTGVPSICLRGETLNRNIYGHMGPRYGKGSNPVGGPYAHNIQTESYQEVQYKAGFFRGPPNNFMGWENTDNNNAGSGWGNNAIYRDANFRVPKRVRWYIANMKYNGQGFYAENVFGSRNQEISISPREFIVNGINLMNTGWKFINQNDINYSPGNRPDIRVIATNVARFNGPATIGNNGYTQWNQPLTRPDNSAEFGQGPVSAMHVTTVAVYNARSDAQWYVGSNPPEIGNQWGPVWSEATRPLRLVGGTGSADIGGNLRTSGNASHHLATLWLGVNASRNGACVVTLDWKNDEWIAAAGIGCYNPLEDLTQWSGVDSRLRIFGNNAQKRVHQIMCLPVEMCVPFHFIRGTVVQCPVIPGHGAMQMKAMWAPATTNSATQGDYAITYWLVARADGSVEVWVNVEMSNIMNMRVILPEVRIAVQRLA,Pseudomonas,Pseudomonas,0.3748263932014541,4,228
6,1,MN434096,Klebsiella,QFR57578.1,round6_cand97,I35T;C132G;E171G;G466T,MGFYAVRIGDKKVLSLTSGNNKDVNFHTVPGWDTTFHSDMPHVVVLETHERYLWDGGDWYRCTRMPDRIIQVLAADYDRVVLTEVEFEDGTRRFIYGTSLGVGAKAYNAYFSNTVGSQASAGTMASMKTNVGASADLHMDVPFYFEETPGTINEKLRDGTGCMYTWGVNSGWGDRGPGPPVGAPIRPNFETIIKAGWVLYRGAFSGNIAGSVPPPNRPLTIGADAMRHPWMRTTGVNSICLRGETLNRNIYGHMGPRYGKGPNPVGGPYAHNIQTESYQEVQYKAGFFRGPPNNFMGWENTDNNNAGSGWGNNAIYRDNNFRVPKRVRWYIANMKYNGQGFYAENVFGSRNQEISISPREFIVNGINLMNTGWKFINQNDINYSPGNRPDIRVIATNVARFNGPATIGNNGYTQFNQPLTRPDNSAEFGQGPVSAMHVTTVGVYNARSDAQWYVGSNPPEIGNQWTPVWSEATRPLRLVGGTGSADIGGNLRTSGNASHHLATLWLGVNASRNGACVVTLDWKNDEWIAAAGIGCYNPLEDLTQWSEVDSRLRIFGNNAQKRVHQIMCLPVEMCVPFHFIRGTVVQCGVIPGHNAMQMKAMWAPATTLSATQGDYAITYWLVARADGSVEVWVNVEMSNIMNMRVILPEVRIAVQRLA,Pseudomonas,Pseudomonas,0.373533568570269,4,234
6,2,MN434096,Klebsiella,QFR57578.1,round6_cand140,S170L;G290N;F428V;W522P,MGFYAVRIGDKKVLSLTSGNNKDVNNHTNPGWDTIFHSDMPHVVVLETHERYLWDGGDWYRCTRMPDRIIQVLSADYDRVVLTEVEFEDGTRRFIYGTSLGVGAKAYNAYFSNTVGSQASAGTMASMKTNVCASADLHMDVSFYFEETPGTINEKLRDGTGCMYTWGVNLEWGDRGPGPPVGAPIRPNFETRIKAGWVLYRGAFSGNIAGSVSPPNRPLTIGADAMRHPWMRTTGVNSICLRGETLNRNIYGHMGPRYGKGSNPVGGPYAHNIQTESYQEVQYKAGFFRNPPNNFMGWENTDNNNAGSGWGNNAIYRDNNFRVPARVRWYIANMKYNGQGFYAENVFGSRNQEISISPREFIVNGINLMNTGWKFINQNDINYSPGNRPDIRVIATNVARFNGPATIGNNGYTQFNAPLTRPDNVAEVGQGPVSAMHVTTVGVYNFRSDAQWYVGSNPPEIGNQWGPVWSEATRPLRLVGGTGSADIGGNLRISVNASHHLATLWLGVNASRNGACVVTLDPKNDEWIAAAGIGCYNPLEDLTQWSEVDSRLRIFGNNAQKRVHQIACLPVEMCVPFHFIRGTVVQCGVIPGHNAMQMKAMWAPATTNSATQGDYAITYWLVARADGSVEVWVNVEMSNIMNMRVILPEVRIAVQRLA,Pseudomonas,Pseudomonas,0.3726333960277183,4,238
6,3,MN434096,Klebsiella,QFR57578.1,round6_cand234,N263S;Q352A;W373I;N402D,MGFYAGRIGDKKVLSLTSGNNKDVNNHTNPGWDTIFHSDMPHVVVLATHERDLWDGGDWYRCTRMPIRIIQVLSADYDRVVLTEVEFEDGTRRFIYGTSLGVGAKAYNAYFSNTAGSQASAGTMASMKTNVCASADLHMDVSFYFEETPGTINEKLRDGTGCMYTWGVNSEWGDRGPGPPVGAPIRPNFETIIKAGWVLYRGAFSGNIAGSVSPPNRPLTIGADAMRHPWMRTTGVNSICLRGETLNRNIYGHMGPRYGKGSSPVGGPYAHNIQTDSYQEVQYKAGFFRGPPNNFMGWENTDANNAGSGWGNLAIYRDNNFRVPKRVRWYITNMKYNGQGFYAENVFGSRNAPIKISPREFIVNGINLMNTGIKFINGNDINYSPGNRPDIRVIATNVARFDGDATIGNNGYTQFNQPLTRPDRSAEFGQGNTSAMHVTTVGVYNFRSDAQWYVKSNPPEIGIQWGPVWSEATRPLRLVGGTGSADIGGNLRTSGNASLHLATLWLGVNNSRNGACVVTLDWKNAEWIAAAGIGCYNPLEDLTQWSEVDSRLRIFGNNFQTRVHQIMCLPVNMCVPFHFIRGTVVQCGVIPGHNAMAMKAMWAPATTNPATQGDPAITYWLVARADGSVEVWVNVEMSNIMNMRVILPDVRIAVQRLA,Pseudomonas,Pseudomonas,0.3714536926821644,4,245
5,0,MN434096,Klebsiella,QFR57578.1,round5_cand30,N21V;T148A;S384A,MGFYAGRIGDKKVLSLTSGNVKDVNNHTNPGWDTIFHSDMPHVVVLETHERDLWDGGDWYRCTRMPIRIIQVLSADYDRVVLTEVEFEDGTRRFIYGTSLGVGAKAYNAYFSNTVGSQASAGTMASMKTNVCASADLHMDVSFYFEEAPGTINEKLRDGTGCMYTWGVNSEWGDRGPGPPVGAPIRPNFETIIKAGWVLYRGAFSGNIAGSVSPPNRPLTIGADAMRHPWMRTTGVNSICLRGETLNRNIYGHMGPRYGKGSNPVGGPYAHNIQTESYQEVQYKAGFFRGPPNNFMGWENTDANNAGSGWGNLAIYRDNNFRVPKRVRWYITNMKYNGQGFYAENVFGSRNQPIKISPREFIVNGINLMNTGWKFINGNDINYAPGNRPDIRVIATNVARFNGDATIGNNGYTQFNQPLTRPDRSAEFGQGNTSAMHVTTVGVYNFRSDAQWYVKSNPPEIGIQWGPVWSEATRPLRLVGGTGSADIGGNLRTSGNASLHLATLWLGVNNSRNGACVVTLDWKNAEWIAAAGIGCYNPLEDLTQWSEVDSRLRIFGNNFQTRVHQIMCLPVNMCVPFHFIRGTVVQCGVIPGHNAMAMKAMWAPATTNSATQGDPAITYWLVARADGSVEVWVNVEMSNIMNMRVILPDVRIAVQRLA,Pseudomonas,Pseudomonas,0.3704753020612917,3,7
6,4,MN434096,Klebsiella,QFR57578.1,round6_cand275,D136T;F347P;V631L;M641T,MGFYAVRIGDKKVLSLTSGNNKDVNFHTVPGWDTIFHSDMPHVVVLETHERYLWDGGDWYRCTRMPDRIIQVLAADYDRVVLTEVEFEDGTRRFIYGTSLGVGAKAYNAYFSNTVGSQASAGTMASMKTNVCASATLHMDVSFYFEETPGTINEKLRDGTGAMYTWGVNSEWGDRGPGPPVGAPIRPNFETIIKAGWVLYRGAFSGNIAGSVSPPNRPLTIGADAMRHPWMRTTGVNSICLRGETLNRNIYGHMGPRYGKGSNPVGGPYAHNIQTESYQEVQYKAGFFRGPPNNFMGWENTDNNNAGSGWGNNAIYRDNNFRVPKRVRWYIANMKYNGQGFYAENVPGSRNQEISISPREFIVNGINLMNTGWKFINQNDINYSPGNRPDIRVIATNVARFNGPATIGNNGYTQFNQPLTRPDNSAEFGQGPVSAMHVTTVAVYNARSDAQWYVGSNPPEIGNQWGPVWSEATRPLRLVGGTGSADIGGNLRTSGNASHHLATLWLGVNASRNGACVVTLDWKNDEWIAAAGIGCYNPLEDLTQWSEVDSRLRIFGNNAQKRVHQIMCLPVEMCVPFHFIRGTVVQCPVIPGHGAMQMKAMWAPATTNSATQGDYAITYWLVARADGSVELWVNVEMSNITNMRVILPEVRIAVQRLA,Pseudomonas,Pseudomonas,0.37016749432411744,4,250
